hora,vendedor,comprador,kWh,precio,prima_vendedor,ahorro_comprador,en_piso,en_techo
8,Udenar,Mariana,0.020698285830045213,293.44,0.0,10.44228520125781,True,False
8,HUDN,Mariana,0.13997630594825494,293.44,0.0,70.61804635089463,True,False
8,Udenar,UCC,0.017228852229247405,430.892151110679,2.368142800078073,6.323813149577244,False,False
8,HUDN,UCC,0.11651356593384725,430.892151110679,16.01504027118323,42.766053742442715,False,False
8,Udenar,Cesmag,0.016084816461449297,797.94,8.114789904801171,0.0,False,True
8,HUDN,Cesmag,0.10877679478456065,797.94,54.877892968810855,0.0,False,True
9,Udenar,UCC,0.06635735698863961,797.94,33.477286600768686,0.0,False,True
9,Mariana,UCC,0.06636118249885467,797.94,33.479216570672186,0.0,False,True
9,HUDN,UCC,0.06635851795757536,797.94,33.47787230959677,0.0,False,True
9,Udenar,Cesmag,0.7285671756973008,293.44,0.0,367.56214013928826,True,False
9,Mariana,Cesmag,0.7286091776916979,293.44,0.0,367.5833301454616,True,False
9,HUDN,Cesmag,0.7285799224992543,293.44,0.0,367.56857090087385,True,False
10,Udenar,Cesmag,1.5249288994213328,233.44,0.0,860.8223637233424,True,False
10,Mariana,Cesmag,1.52485281245396,233.44,0.0,860.7794126302604,True,False
10,UCC,Cesmag,0.4353395112067799,233.44,0.0,245.74915407622726,True,False
10,HUDN,Cesmag,1.524912110251205,233.44,0.0,860.8128862368053,True,False
11,Udenar,Cesmag,1.4810003005576142,293.44,0.0,747.1646516313165,True,False
11,Mariana,Cesmag,1.4809529586077725,293.44,0.0,747.1407676176213,True,False
11,UCC,Cesmag,1.2922501160895061,293.44,0.0,651.9401835671559,True,False
11,HUDN,Cesmag,1.4809632914118525,293.44,0.0,747.1459805172797,True,False
12,Udenar,UCC,0.374236297560642,797.94,188.8022121193439,0.0,False,True
12,Mariana,UCC,0.02204938831440362,797.94,11.123916404616628,0.0,False,True
12,HUDN,UCC,0.3742490929658288,797.94,188.80866740126066,0.0,False,True
12,Udenar,Cesmag,1.4359559857373023,293.44,0.0,724.4397948044691,True,False
12,Mariana,Cesmag,0.08460415332868503,293.44,0.0,42.6827953543216,True,False
12,HUDN,Cesmag,1.4360050820931063,293.44,0.0,724.4645639159722,True,False
13,Udenar,Cesmag,0.8542466123395291,293.44,0.0,430.9674159252925,True,False
13,Mariana,Cesmag,0.854245273364129,293.44,0.0,430.96674041220314,True,False
13,UCC,Cesmag,0.854242408323444,293.44,0.0,430.96529499917756,True,False
13,HUDN,Cesmag,0.8542323726395639,293.44,0.0,430.96023199666,True,False
14,Udenar,Cesmag,1.0720781853416277,293.44,0.0,540.8634445048513,True,False
14,Mariana,Cesmag,1.0720756302860959,293.44,0.0,540.8621554793355,True,False
14,UCC,Cesmag,1.0720549420320213,293.44,0.0,540.8517182551549,True,False
14,HUDN,Cesmag,1.0720579090069051,293.44,0.0,540.8532150939837,True,False
15,Udenar,Cesmag,1.826641256925265,293.44,0.0,921.5405141187963,True,False
15,Mariana,Cesmag,1.7109896102673905,293.44,0.0,863.1942583798987,True,False
15,UCC,Cesmag,0.0439049831596333,293.44,0.0,22.150064004035002,True,False
15,HUDN,Cesmag,1.0554974829810393,293.44,0.0,532.4984801639343,True,False
16,Udenar,UCC,0.23070864355247467,797.94,116.39251067222348,0.0,False,True
16,Mariana,UCC,0.2306697682440362,797.94,116.37289807911628,0.0,False,True
16,HUDN,UCC,0.23069339326270147,797.94,116.3848169010329,0.0,False,True
16,Udenar,Cesmag,0.9836307646028675,293.44,0.0,496.2417207421467,True,False
16,Mariana,Cesmag,0.9834650189738487,293.44,0.0,496.15810207230675,True,False
16,HUDN,Cesmag,0.983565744697356,293.44,0.0,496.2089181998162,True,False
31,Udenar,Mariana,0.0985042321113337,238.89848183530682,3.373620404165859,55.067955465167316,False,False
31,Udenar,UCC,0.07464438796522677,797.94,44.285768935889394,0.0,False,True
31,Udenar,HUDN,0.09847929328137765,247.3570539935951,4.205760495418881,54.22101941548967,False,False
31,Udenar,Cesmag,0.07464823850816635,797.94,44.28805342451002,0.0,False,True
32,Udenar,UCC,0.7717025210136703,204.65,0.0,457.8433886922005,True,False
32,Mariana,UCC,0.3061422259404068,204.65,0.0,181.63112122818399,True,False
32,HUDN,UCC,1.341377672625274,204.65,0.0,795.8259593918489,True,False
32,Udenar,Cesmag,0.9871802795917861,204.65,0.0,585.6841880790108,True,False
32,Mariana,Cesmag,0.3916244407261665,204.65,0.0,232.34686443842733,True,False
32,HUDN,Cesmag,1.7159223273747954,204.65,0.0,1018.0395576081925,True,False
34,Udenar,UCC,1.008858262730463,797.94,598.5455186953565,0.0,False,True
34,Mariana,UCC,0.5286730541721448,797.94,313.65643630979184,0.0,False,True
34,HUDN,UCC,0.7753892964182912,797.94,460.03071567200806,0.0,False,True
34,Udenar,Cesmag,2.953031658649967,204.65,0.0,1752.0041527604392,True,False
34,Mariana,Cesmag,1.5474802791613491,204.65,0.0,918.1045748236369,True,False
34,HUDN,Cesmag,2.2696440369151425,204.65,0.0,1346.557110661385,True,False
35,Udenar,Cesmag,3.5688208905064527,204.65,0.0,2117.3457461285734,True,False
35,Mariana,Cesmag,3.568664132229312,204.65,0.0,2117.2527430103287,True,False
35,UCC,Cesmag,1.6773120701911122,204.65,0.0,995.132478123685,True,False
35,HUDN,Cesmag,3.568802907073097,204.65,0.0,2117.335076737398,True,False
36,Udenar,UCC,0.2865094550746903,797.94,169.98319460126302,0.0,False,True
36,Mariana,UCC,0.2916507034887538,797.94,173.03344587284278,0.0,False,True
36,HUDN,UCC,0.3574108906449713,797.94,212.04830731075504,0.0,False,True
36,Udenar,Cesmag,2.6073378393065694,204.65,0.0,1546.9074666821948,True,False
36,Mariana,Cesmag,2.6541250267918777,204.65,0.0,1574.6658371453534,True,False
36,HUDN,Cesmag,3.252566084692942,204.65,0.0,1929.7149323874758,True,False
37,Udenar,Cesmag,0.8188855884434036,204.65,0.0,485.836630767587,True,False
37,Mariana,Cesmag,0.818872155660797,204.65,0.0,485.8286612319943,True,False
37,UCC,Cesmag,0.8188599823954741,204.65,0.0,485.8214389554109,True,False
37,HUDN,Cesmag,0.818882273500332,204.65,0.0,485.83466404501206,True,False
38,Udenar,Cesmag,1.4169600091670915,231.85,0.0,802.1268915893988,True,False
38,Mariana,Cesmag,1.416873338641362,231.85,0.0,802.0778282714886,True,False
38,UCC,Cesmag,0.8796211934007151,231.85,0.0,497.94476137221085,True,False
38,HUDN,Cesmag,1.4169454587908596,231.85,0.0,802.1186547669178,True,False
39,Udenar,UCC,0.9147143577257357,295.65,0.0,459.4518747420599,True,False
39,Mariana,UCC,0.5143883219454785,295.65,0.0,258.3721102299944,True,False
39,HUDN,UCC,1.5023832977983336,295.65,0.0,754.6321066511251,True,False
39,Udenar,Cesmag,0.9147143991618577,295.65,0.0,459.45189555500957,True,False
39,Mariana,Cesmag,0.5143883452473277,295.65,0.0,258.37212193428024,True,False
39,HUDN,Cesmag,1.5023833658529369,295.65,0.0,754.6321408342718,True,False
40,Udenar,Mariana,0.016493620403434304,295.65,0.0,8.284580592441017,True,False
40,HUDN,Mariana,0.13476096426398576,295.65,0.0,67.68908474015741,True,False
40,Udenar,UCC,0.01372787911579336,430.66027905981787,1.8534047903227076,5.04197161074914,False,False
40,HUDN,UCC,0.11216350211135401,430.66027905981787,15.143225720380377,41.19537975513163,False,False
40,Udenar,Cesmag,0.012831812708576423,797.94,6.445291205390853,0.0,False,True
40,HUDN,Cesmag,0.10484220029132207,797.94,52.661188784328175,0.0,False,True
55,Udenar,Mariana,0.3139229944204319,797.94,179.90298964246114,0.0,False,True
55,HUDN,Mariana,0.261266598398947,797.94,149.72666221046856,0.0,False,True
55,Udenar,UCC,0.41807125559888836,224.86,0.0,239.58827515861097,True,False
55,HUDN,UCC,0.3479453778751921,224.86,0.0,199.4005371527151,True,False
55,Udenar,Cesmag,0.35347949555403746,462.28419214173226,83.92458367058438,118.64744564152342,False,False
55,HUDN,Cesmag,0.29418802406007666,462.28419214173226,69.8473539502362,98.74591887811255,False,False
56,Udenar,Mariana,0.06543672479299562,797.9399999999739,37.50047824436822,1.7110376918923285e-12,False,True
56,HUDN,Mariana,1.010067895653235,797.9399999999739,578.8497096409295,2.6411227736417008e-11,False,True
56,Udenar,UCC,0.08714898973983118,224.86,0.0,49.943343040102455,True,False
56,HUDN,UCC,1.3452139750779741,224.86,0.0,770.9152248376855,True,False
56,Udenar,Cesmag,0.08714858868250179,224.86,0.0,49.94311320216813,True,False
56,HUDN,Cesmag,1.3452077844399262,224.86,0.0,770.9116771068329,True,False
57,Udenar,Mariana,0.41807073026810165,797.9399999999652,239.5879741020291,1.4591445755321183e-11,False,True
57,HUDN,Mariana,1.0273809302245547,797.9399999999652,588.771463493052,3.585750455146561e-11,False,True
57,Udenar,UCC,0.5567679949254624,224.86,0.0,319.072602531884,True,False
57,HUDN,UCC,1.3682202163197277,224.86,0.0,784.0996415685096,True,False
57,Udenar,Cesmag,0.5567727831955677,224.86,0.0,319.07534659371595,True,False
57,HUDN,Cesmag,1.3682319831707521,224.86,0.0,784.1063849154947,True,False
58,Udenar,Cesmag,0.8311729862817483,249.38,0.0,455.9482533547159,True,False
58,Mariana,Cesmag,0.021476604967753606,249.38,0.0,11.78120642111092,True,False
58,UCC,Cesmag,0.8304773656627146,249.38,0.0,455.56666370793874,True,False
58,HUDN,Cesmag,0.8311730430877824,249.38,0.0,455.94828451623397,True,False
59,Udenar,UCC,1.0433262713314093,444.86,0.0,368.37763988169405,True,False
59,Mariana,UCC,0.08181695931114935,444.86,0.0,28.887931993580615,True,False
59,HUDN,UCC,1.0432901026907422,444.86,0.0,368.3648694580473,True,False
59,Udenar,Cesmag,0.6897504027662773,444.86,0.0,243.5370722087172,True,False
59,Mariana,Cesmag,0.05408977247924044,444.86,0.0,19.098016866970216,True,False
59,HUDN,Cesmag,0.689726491421228,444.86,0.0,243.52862959100722,True,False
60,Udenar,Mariana,0.12362712765815707,444.86,0.0,43.650266233542105,True,False
60,UCC,Mariana,0.12362288691589268,444.86,0.0,43.64876891226339,True,False
60,HUDN,Mariana,0.12362622354696028,444.86,0.0,43.64994700996074,True,False
60,Cesmag,Mariana,0.12461042854565318,444.86,0.0,43.99745011089923,True,False
62,Udenar,Cesmag,0.1136357476379704,520.78,0.0,31.495283815339885,True,False
62,Mariana,Cesmag,0.11363019287140377,520.78,0.0,31.49374425623828,True,False
62,UCC,Cesmag,0.11363030390594246,520.78,0.0,31.493775030571022,True,False
62,HUDN,Cesmag,0.11363708891802503,520.78,0.0,31.495655564519826,True,False
63,Udenar,Mariana,1.593672802582584,520.78,0.0,441.7023539637891,True,False
63,UCC,Mariana,0.1063890659660985,520.78,0.0,29.48679352316387,True,False
63,HUDN,Mariana,1.5935549658646246,520.78,0.0,441.6696943390395,True,False
63,Udenar,Cesmag,0.40977566960235196,539.9088639103237,7.838543017585171,105.73488156940273,False,False
63,UCC,Cesmag,0.027355458669784942,539.9088639103237,0.5232788460988016,7.058560078818795,False,False
63,HUDN,Cesmag,0.40974537064786204,539.9088639103237,7.837963433008109,105.72706349575337,False,False
64,Udenar,Mariana,0.25162015341370303,520.78,0.0,69.73904172014196,True,False
64,HUDN,Mariana,0.2515930749454182,520.78,0.0,69.73153665187213,True,False
64,Cesmag,Mariana,0.15463677164099804,520.78,0.0,42.85912762801903,True,False
64,Udenar,UCC,0.9964466616018532,520.78,0.0,276.1751567295697,True,False
64,HUDN,UCC,0.9963394275470404,520.78,0.0,276.1454357389378,True,False
64,Cesmag,UCC,0.6123805775176896,520.78,0.0,169.7274008648029,True,False
79,Udenar,Mariana,0.5399794888554106,797.94,370.56632402191406,0.0,False,True
79,Udenar,UCC,0.7610019461639181,111.68,0.0,522.2451955744505,True,False
79,Udenar,HUDN,0.6208098387520502,451.96039966073687,211.24942004386526,214.78753989811676,False,False
79,Udenar,Cesmag,0.5399753928955848,797.94,370.56351312852405,0.0,False,True
80,Udenar,Mariana,0.5087810913554367,600.6510935347312,250.0359359055098,100.37686514372015,False,False
80,HUDN,Mariana,0.2818577600828776,600.6510935347312,138.5164858363793,55.607409265501026,False,False
80,Udenar,UCC,0.6400963434159807,109.21,0.0,440.85355460088834,True,False
80,HUDN,UCC,0.3546046127696558,109.21,0.0,244.22683495284505,True,False
80,Udenar,Cesmag,0.4536892340101033,797.94,312.46938613977846,0.0,False,True
80,HUDN,Cesmag,0.2513376250326412,797.94,173.10376248873095,0.0,False,True
81,Udenar,Mariana,0.5116877979431933,797.94,352.4147370774155,0.0,False,True
81,UCC,Mariana,0.02222245703128462,797.94,15.305272831156655,0.0,False,True
81,HUDN,Mariana,0.2797167384259176,797.94,192.64930925608223,0.0,False,True
81,Udenar,Cesmag,2.4440455353902286,109.21,0.0,1683.2874815893122,True,False
81,UCC,Cesmag,0.1061442096353178,109.21,0.0,73.10470150213243,True,False
81,HUDN,Cesmag,1.3360499282407632,109.21,0.0,920.1776670772608,True,False
82,Udenar,UCC,0.15474181453084349,797.94,106.19311763993664,0.0,False,True
82,Mariana,UCC,0.10874333576037923,797.94,74.62620159891785,0.0,False,True
82,HUDN,UCC,0.18330071293926717,797.94,125.79194726170148,0.0,False,True
82,Udenar,Cesmag,2.049258185470455,111.68,0.0,1406.3239223609544,True,False
82,Mariana,Cesmag,1.440096664227289,111.68,0.0,988.2807367926193,True,False
82,HUDN,Cesmag,2.427465953738425,111.68,0.0,1665.8727854125314,True,False
83,Udenar,Mariana,0.05310020171654337,797.94,36.44054442999506,0.0,False,True
83,HUDN,Mariana,0.09162584066659904,797.94,62.879149415860255,0.0,False,True
83,Udenar,UCC,0.5649062493547269,797.94,387.6725626821749,0.0,False,True
83,HUDN,UCC,0.9747610804052457,797.94,668.9395390389038,0.0,False,True
83,Udenar,Cesmag,1.5033935489286951,111.68,0.0,1031.7188568878064,True,False
83,HUDN,Cesmag,2.594146412261564,111.68,0.0,1780.2589168786208,True,False
84,HUDN,Udenar,0.49527527418092526,111.68,0.0,339.8876096594018,True,False
84,HUDN,Mariana,0.3514559509742706,797.94,241.19016091560295,0.0,False,True
84,HUDN,UCC,0.4953126273530911,111.68,0.0,339.9132436473323,True,False
84,HUDN,Cesmag,0.3514561474917917,797.94,241.19029577771698,0.0,False,True
85,HUDN,Udenar,0.39124842438184576,797.94,191.4495915027686,0.0,False,True
85,HUDN,Mariana,0.6346532626273967,308.61,0.0,310.5548810014641,True,False
85,HUDN,UCC,0.6346294245326748,308.61,0.0,310.54321630657375,True,False
85,HUDN,Cesmag,0.6346688884582143,308.61,0.0,310.56252718925805,True,False
86,Udenar,Mariana,0.36157941921465003,308.61,0.0,176.9316572043047,True,False
86,HUDN,Mariana,0.6220319157210611,308.61,0.0,304.37887731978685,True,False
86,Udenar,UCC,0.31270716701152546,502.656534725866,60.67974214252914,92.33725589122062,False,False
86,HUDN,UCC,0.5379560556291156,502.656534725866,104.38850842962508,158.8495282713701,False,False
86,Udenar,Cesmag,0.283113413751861,797.94,138.53588675119815,0.0,False,True
86,HUDN,Cesmag,0.4870453620051324,797.94,238.32590698997146,0.0,False,True
87,Udenar,Mariana,0.08892872450957127,797.94,43.515492764268515,0.0,False,True
87,HUDN,Mariana,0.0699430066270987,797.94,34.22521143283821,0.0,False,True
87,Udenar,UCC,1.2571071122940372,308.61,0.0,615.1402232588413,True,False
87,HUDN,UCC,0.9887227279045685,308.61,0.0,483.8116924455425,True,False
87,Udenar,Cesmag,1.2571641631964603,308.61,0.0,615.168139976924,True,False
87,HUDN,Cesmag,0.9887675988016682,308.61,0.0,483.83364912162034,True,False
88,Udenar,Mariana,0.0014750179839626123,586.8061357754323,0.20384178558290153,0.3114262467547579,False,False
88,Udenar,UCC,0.0014750797345949257,586.8056412443275,0.20384958980885814,0.31144001387718734,False,False
88,Udenar,HUDN,0.001474830496778292,586.8076372737996,0.2038180900341041,0.31138444740545673,False,False
88,Udenar,Cesmag,0.0014750717846642265,586.8057049114631,0.20384858507668263,0.3114382414600717,False,False
105,HUDN,Udenar,0.2525308028104183,221.88448244475947,28.769441011536514,145.4717623115959,False,False
105,HUDN,Mariana,0.2525702518650601,157.32280104958954,12.467575093859686,161.8008472879945,False,False
105,HUDN,UCC,0.18648048443731902,797.94,128.6678046520614,0.0,False,True
105,HUDN,Cesmag,0.18598512755385505,797.94,128.3260183096089,0.0,False,True
106,Udenar,Mariana,0.1831288715920953,108.06,0.0,126.33694593395472,True,False
106,HUDN,Mariana,0.5305356908275546,108.06,0.0,366.0059623881134,True,False
106,Udenar,UCC,0.1534563947802098,444.35516308325674,51.60664330877928,54.25985432219186,False,False
106,HUDN,UCC,0.4445726864859613,444.35516308325674,149.50764410415792,157.19416084877707,False,False
106,Udenar,Cesmag,0.12971473362809116,797.94,89.48760043534755,0.0,False,True
106,HUDN,Cesmag,0.3757916226860846,797.94,259.2511246586761,0.0,False,True
108,HUDN,Udenar,0.09625028445897922,194.3126007769204,7.887961136931749,58.09930888245523,False,False
108,HUDN,Mariana,0.09625433202487067,191.66042568414767,7.633009503515532,58.35703544609531,False,False
108,HUDN,UCC,0.07113398824248884,797.94,48.768039659285506,0.0,False,True
108,HUDN,Cesmag,0.0711280619402939,797.94,48.7639767050267,0.0,False,True
110,HUDN,Udenar,0.06592397770688065,450.85914909791194,15.063572811171943,22.880950277354422,False,False
110,HUDN,Mariana,0.06585625054416204,527.8095250741129,20.115760451876085,17.789780236332707,False,False
110,HUDN,UCC,0.0658344308189755,552.590216012564,21.74051831041448,16.15246338037144,False,False
110,HUDN,Cesmag,0.06581867426331184,570.1183672064739,22.888994693504088,14.994917838972942,False,False
126,Udenar,Mariana,0.021664611307149584,495.8857506460429,8.351398952191307,6.54388790592632,False,False
126,Udenar,UCC,0.021664941493749323,495.73203347306713,8.348195960861455,6.547317913750955,False,False
126,Udenar,HUDN,0.021667363488675703,494.60397462425914,8.324687171977757,6.5724919210263355,False,False
126,Udenar,Cesmag,0.0216697503770917,493.4914085822695,8.301495195586226,6.597324978679403,False,False
127,Udenar,Mariana,0.4820921447810903,113.02,0.0,330.1945518034644,True,False
127,HUDN,Mariana,0.35561772047037676,113.02,0.0,243.56968910457047,True,False
127,Udenar,UCC,0.48305369737748105,113.02,0.0,330.85313840778434,True,False
127,HUDN,UCC,0.3563270146294766,113.02,0.0,244.05549886002112,True,False
127,Udenar,Cesmag,0.2519541578414694,797.94,172.56844178877924,0.0,False,True
127,HUDN,Cesmag,0.18585526490015175,797.94,127.29598803541195,0.0,False,True
128,Udenar,UCC,0.11070981888322794,502.65857592429256,31.425931529029434,32.6905529790032,False,False
128,Mariana,UCC,0.110700051675182,502.65857592429256,31.42315902326276,32.68766890390215,False,False
128,HUDN,UCC,0.11070288543928444,502.65857592429256,31.423963411505383,32.68850566180181,False,False
128,Udenar,Cesmag,0.14976994563363089,218.8,0.0,86.73776631426101,True,False
128,Mariana,Cesmag,0.14975673240444373,218.8,0.0,86.73011400470956,True,False
128,HUDN,Cesmag,0.1497605659642744,218.8,0.0,86.73233417254988,True,False
129,Udenar,Mariana,0.33726632032959003,201.8,0.0,201.05794420128183,True,False
129,HUDN,Mariana,0.3372256757145699,201.8,0.0,201.03371432048374,True,False
129,Udenar,UCC,0.15729087423281807,531.3964274650298,51.84251021998814,41.92487154516403,False,False
129,HUDN,UCC,0.15727191880617086,531.3964274650298,51.83626257908414,41.91981909802656,False,False
129,Udenar,Cesmag,0.1527434758306001,797.94,91.05649568165396,0.0,False,True
129,HUDN,Cesmag,0.15272506841956626,797.94,91.04552228764025,0.0,False,True
137,Udenar,Mariana,0.27557148473575305,711.2152648649909,69.28287782407814,23.8988640244694,False,False
137,Udenar,UCC,0.32470717699313506,459.8,0.0,109.7964848284587,True,False
137,Udenar,HUDN,0.27556000097189537,728.6245198176139,74.07728494221098,19.10057378642573,False,False
137,Udenar,Cesmag,0.3018280039466194,459.8,0.0,102.0601212545099,True,False
151,Udenar,HUDN,0.08840943289679193,689.8657419302139,51.47866813360897,9.554783866691336,False,False
151,Mariana,HUDN,0.08836664962656905,689.8657419302139,51.45375647319775,9.5501600965042,False,False
151,UCC,HUDN,0.088380146042749,689.8657419302139,51.461615108942325,9.55161871166945,False,False
151,Udenar,Cesmag,0.17538446968393892,107.59,0.0,121.07666864630724,True,False
151,Mariana,Cesmag,0.1752995972780594,107.59,0.0,121.01807698090832,True,False
151,UCC,Cesmag,0.17532637113856708,107.59,0.0,121.03656031550979,True,False
152,Udenar,Cesmag,0.0791681940660023,107.59,0.0,54.65376277346469,True,False
152,Mariana,Cesmag,0.0791678483980733,107.59,0.0,54.6535241416099,True,False
152,UCC,Cesmag,0.07916719818667133,107.59,0.0,54.65307526816855,True,False
152,HUDN,Cesmag,0.0791634260159204,107.59,0.0,54.65047115009065,True,False
154,Udenar,Cesmag,0.10640035272777547,797.94,73.44071546329246,0.0,False,True
154,Mariana,Cesmag,0.10639997430604752,797.94,73.44045426526318,0.0,False,True
154,UCC,Cesmag,0.10640013977352691,797.94,73.44056847588148,0.0,False,True
154,HUDN,Cesmag,0.1063995331926253,797.94,73.44014979554576,0.0,False,True
155,Udenar,Cesmag,0.0596919778058619,216.11,0.0,34.73058344678463,True,False
155,Mariana,Cesmag,0.05969194016632084,216.11,0.0,34.730561546970456,True,False
155,UCC,Cesmag,0.05969170804303318,216.11,0.0,34.730426490678,True,False
155,HUDN,Cesmag,0.05969104065144656,216.11,0.0,34.730038182231155,True,False
156,Udenar,Cesmag,0.0597919973072602,110.48,0.0,41.1046064688491,True,False
156,Mariana,Cesmag,0.05979176288790844,110.48,0.0,41.10444531492154,True,False
156,UCC,Cesmag,0.059791839449892525,110.48,0.0,41.10449794822312,True,False
156,HUDN,Cesmag,0.05979106702160546,110.48,0.0,41.10396693467289,True,False
159,Udenar,Cesmag,0.06845906266797545,297.61,0.0,34.25212282466816,True,False
159,Mariana,Cesmag,0.0684580031253353,297.61,0.0,34.25159270369901,True,False
159,UCC,Cesmag,0.06845839204748333,297.61,0.0,34.25178729311734,True,False
159,HUDN,Cesmag,0.06845787549253886,297.61,0.0,34.25152884518197,True,False
160,Udenar,Cesmag,0.13151205290624218,457.11,0.0,44.823252992034526,True,False
160,Mariana,Cesmag,0.13150631192485807,457.11,0.0,44.82129629334938,True,False
160,UCC,Cesmag,0.1315091760980154,457.11,0.0,44.82227248948659,True,False
160,HUDN,Cesmag,0.13150579240421933,457.11,0.0,44.82111922513008,True,False
161,Udenar,Mariana,0.07700698653830641,793.9498390298912,38.221635302600006,0.30727027211084645,False,False
161,Udenar,UCC,0.09869339428867259,297.61,0.0,49.37926596445156,True,False
161,Udenar,HUDN,0.07700624344977804,793.9768327307374,38.22334516165842,0.30518862356902876,False,False
161,Udenar,Cesmag,0.09869337572325061,297.61,0.0,49.37925667561398,True,False
175,HUDN,Udenar,0.2420381921322665,107.22,0.0,167.18062006959912,True,False
175,HUDN,Mariana,0.18406609133276175,250.29325924909023,26.33493560421894,100.80319500114628,False,False
175,HUDN,UCC,0.17136893099518552,797.94,118.36794801699455,0.0,False,True
175,HUDN,Cesmag,0.06676011887311545,797.94,46.112549308038304,0.0,False,True
176,Mariana,Udenar,0.21160362371689911,797.94,146.15885497373657,0.0,False,True
176,HUDN,Udenar,0.21160241332012336,797.94,146.15801892847563,0.0,False,True
176,Mariana,UCC,0.14204659132160957,797.94,98.11442155766217,0.0,False,True
176,HUDN,UCC,0.1420457787989068,797.94,98.11386033198092,0.0,False,True
176,Mariana,Cesmag,1.137554049890674,107.22,0.0,785.7313333404863,True,False
176,HUDN,Cesmag,1.1375475429518271,107.22,0.0,785.7268388676861,True,False
177,Udenar,UCC,0.2433737764707285,689.3903317394252,141.68499218464072,26.418142699220887,False,False
177,Mariana,UCC,0.24345338200238095,689.3903317394252,141.7313361634111,26.426783853273466,False,False
177,HUDN,UCC,0.2434497487012045,689.3903317394252,141.7292209632599,26.42638945963607,False,False
177,Udenar,Cesmag,0.24367799575256285,107.56111733131452,0.0831227876111855,168.23014243859905,False,False
177,Mariana,Cesmag,0.2437577007911427,107.56111733131452,0.08314997638123817,168.28516911407687,False,False
177,HUDN,Cesmag,0.24375406294864416,107.56111733131452,0.08314873545011332,168.28265762443738,False,False
178,Udenar,UCC,0.058897201204422045,797.93999464965,40.68147450079775,3.1512064514198796e-07,False,False
178,Mariana,UCC,0.058895871574614386,797.93999464965,40.68055609890412,3.1511353115704093e-07,False,False
178,HUDN,UCC,0.058889301372473814,797.93999464965,40.676017928916735,3.150783782754963e-07,False,False
178,Udenar,Cesmag,1.2627385009240844,107.22001152638418,1.4554809086703134e-05,872.1987228034745,False,False
178,Mariana,Cesmag,1.2627099940554878,107.22001152638418,1.4554480505583781e-05,872.1790325395261,False,False
178,HUDN,Cesmag,1.2625691308689302,107.22001152638418,1.455285686237801e-05,872.0817355209307,False,False
179,Udenar,Cesmag,0.2718520372149231,797.94,187.74645394137025,0.0,False,True
179,Mariana,Cesmag,0.2718503416512186,797.94,187.7452829511646,0.0,False,True
179,UCC,Cesmag,0.2715793790055752,797.94,187.55815072883038,0.0,False,True
179,HUDN,Cesmag,0.2718182421282785,797.94,187.72311437863172,0.0,False,True
180,Udenar,Mariana,0.10783456024024025,471.66787118241695,39.300075919447664,35.18341152969109,False,False
180,HUDN,Mariana,0.10783530007644399,471.66787118241695,39.30034555117714,35.183652917624265,False,False
180,Udenar,UCC,0.36294658669149044,797.9399790231345,250.69445874606453,7.613481763561382e-06,False,False
180,HUDN,UCC,0.36294907681147326,797.9399790231345,250.69617872168683,7.613533998473552e-06,False,False
180,Udenar,Cesmag,0.35636268228241325,797.9399795645032,246.14682462366002,7.2824484612070405e-06,False,False
180,HUDN,Cesmag,0.35636512723127084,797.9399795645032,246.14851339868497,7.2824984249516495e-06,False,False
181,Udenar,UCC,0.030023895885565234,107.22,0.0,20.73810536607762,True,False
181,Mariana,UCC,0.030019611285392357,107.22,0.0,20.73514590704621,True,False
181,HUDN,UCC,0.030023673042052976,107.22,0.0,20.737951443606832,True,False
181,Cesmag,UCC,0.03026615312030912,107.22,0.0,20.905437283259918,True,False
182,Udenar,Cesmag,0.18326264357584057,797.94,125.75849127461332,0.0,False,True
182,Mariana,Cesmag,0.18326033334476596,797.94,125.75690594784531,0.0,False,True
182,UCC,Cesmag,0.0801483163749885,797.94,54.99937766284461,0.0,False,True
182,HUDN,Cesmag,0.1832620400377394,797.94,125.75807711469754,0.0,False,True
183,Udenar,Mariana,0.12962548911228597,174.54458325880216,8.143667333197763,80.80793580543512,False,False
183,Udenar,UCC,0.09571152932931065,797.94,65.67916565635956,0.0,False,True
183,Udenar,HUDN,0.12958381463831564,210.7377366817073,12.831096036067906,76.09190924503707,False,False
183,Udenar,Cesmag,0.09584583358675627,797.94,65.7713279239039,0.0,False,True
199,Udenar,Mariana,0.086506301651765,797.94,60.409945632477054,0.0,False,True
199,Udenar,UCC,0.0865105281499939,797.94,60.41289712298524,0.0,False,True
199,Udenar,HUDN,0.11744711065974854,195.44896171227046,11.256009141736433,70.76083164528578,False,False
199,Udenar,Cesmag,0.11746939287182098,176.67312591154706,9.05255861363413,72.97984251054463,False,False
200,HUDN,Udenar,0.1474671365808925,192.89229300729852,13.756072643486124,89.22465284504854,False,False
200,HUDN,Mariana,0.14748005929069716,179.23326586648446,11.742843970908071,91.24690583356448,False,False
200,HUDN,UCC,0.10864115532432721,797.94,75.86737799763742,0.0,False,True
200,HUDN,Cesmag,0.10857831547074817,797.94,75.82349504268757,0.0,False,True
201,HUDN,Udenar,0.5256279378475662,99.61,0.0,367.06175783709097,True,False
201,HUDN,Mariana,0.5256337360574858,99.61,0.0,367.0658069010241,True,False
201,HUDN,UCC,0.37071817753577413,797.94,258.8836249185572,0.0,False,True
201,HUDN,Cesmag,0.3707201485591634,797.94,258.8850013433206,0.0,False,True
202,Udenar,Mariana,0.3246838055571937,797.94,226.7364419347551,0.0,False,True
202,HUDN,Mariana,1.0845733752494975,797.94,757.3901251379816,0.0,False,True
202,Udenar,UCC,0.47293396119584113,99.61,0.0,330.26397312189175,True,False
202,HUDN,UCC,1.5797880084688145,99.61,0.0,1103.2133599540273,True,False
202,Udenar,Cesmag,0.47304889991315846,99.61,0.0,330.34423827635595,True,False
202,HUDN,Cesmag,1.5801719496154105,99.61,0.0,1103.4814775749296,True,False
203,Udenar,Cesmag,1.9361666115192238,99.61,0.0,1352.0832298222197,True,False
203,Mariana,Cesmag,1.9361274064573186,99.61,0.0,1352.0558517513393,True,False
203,UCC,Cesmag,1.9357489211512995,99.61,0.0,1351.791544107587,True,False
203,HUDN,Cesmag,1.9361903942054868,99.61,0.0,1352.0998379855178,True,False
204,Udenar,Cesmag,1.0417003326409604,99.61,0.0,727.4505932931619,True,False
204,Mariana,Cesmag,1.0417022156127715,99.61,0.0,727.4519082288668,True,False
204,UCC,Cesmag,1.0416942883186464,99.61,0.0,727.4463723615604,True,False
204,HUDN,Cesmag,1.0417031634276286,99.61,0.0,727.4525701164159,True,False
205,Udenar,Cesmag,0.36904437088017106,99.61,0.0,257.71475551674985,True,False
205,Mariana,Cesmag,0.36903945170400365,99.61,0.0,257.7113203084569,True,False
205,UCC,Cesmag,0.3690384792779337,99.61,0.0,257.7106412341595,True,False
205,HUDN,Cesmag,0.369044364804548,99.61,0.0,257.71475127396,True,False
206,Udenar,UCC,0.24094875921687164,797.94,168.261747023918,0.0,False,True
206,Mariana,UCC,0.24094817757787426,797.94,168.26134084795694,0.0,False,True
206,HUDN,UCC,0.24095028958802325,797.94,168.26281572800428,0.0,False,True
206,Udenar,Cesmag,0.5976834734159301,99.61,0.0,417.38029999054646,True,False
206,Mariana,Cesmag,0.5976820306360868,99.61,0.0,417.37929245409856,True,False
206,HUDN,Cesmag,0.5976872695651828,99.61,0.0,417.38295095545413,True,False
207,Udenar,Mariana,0.6696731416766668,99.61,0.0,467.65284502706675,True,False
207,HUDN,Mariana,0.9634752840290681,99.61,0.0,672.8236950960192,True,False
207,Udenar,UCC,0.47231230027738236,797.9399999999778,329.8298486526939,1.0524355599769359e-11,False,True
207,HUDN,UCC,0.6795273781965384,797.9399999999778,474.5343540159736,1.5141650479395314e-11,False,True
207,Udenar,Cesmag,0.472314576335449,797.9399999999602,329.83143809231524,1.8847278658284106e-11,False,True
207,HUDN,Cesmag,0.6795306528186768,797.9399999999602,474.53664078283947,2.711604555990511e-11,False,True
208,Udenar,Mariana,0.58469836941588,104.03,0.0,405.72804552137336,True,False
208,Udenar,UCC,0.5847033471509739,104.03,0.0,405.73149962153235,True,False
208,Udenar,HUDN,0.059794331658718086,797.94,41.49188468130107,0.0,False,True
208,Udenar,Cesmag,0.5847039517744289,104.03,0.0,405.731919175794,True,False
223,Udenar,Mariana,0.15594834303842184,797.94,107.86323094595487,0.0,False,True
223,Udenar,UCC,0.1561902759099419,797.94,108.03056623587042,0.0,False,True
223,Udenar,HUDN,0.21160303500752534,204.57512825093352,20.799547464351477,125.5578077289535,False,False
223,Udenar,Cesmag,0.21162501271078207,172.96206610956912,14.111593088018775,132.26096320352076,False,False
224,HUDN,Udenar,0.17221631257216313,797.94,119.87977518148276,0.0,False,True
224,HUDN,Mariana,0.209296764356205,797.94,145.6914776683543,0.0,False,True
224,HUDN,UCC,0.22933233630058408,284.69416282838023,41.93437236371985,117.70386693511672,False,False
224,HUDN,Cesmag,0.2964212534377056,101.84,0.0,206.33883451798687,True,False
225,HUDN,Udenar,0.0299180498826767,475.21304382863303,11.170892530610704,9.655361173219376,False,False
225,HUDN,Mariana,0.029882325631083773,498.7541739208298,11.861017415951167,8.940368279102561,False,False
225,HUDN,UCC,0.029881256390987494,499.45293644918917,11.881472910975548,8.919168475354757,False,False
225,HUDN,Cesmag,0.029885034761946892,496.9819483266714,11.809129711993616,8.994141836145236,False,False
226,Udenar,Mariana,0.2030404727278944,101.84013928920378,2.828134577992515e-05,141.33644478454153,False,False
226,HUDN,Mariana,0.08570799295808092,101.84013928920378,1.1938198096097455e-05,59.661321959922034,False,False
226,Udenar,UCC,1.5047632273785934,797.9399192748489,1047.4655611059998,0.00012147223901834553,False,False
226,HUDN,UCC,0.6351947193732448,797.9399192748489,442.15899287952595,5.1276189749342454e-05,False,False
226,Udenar,Cesmag,2.4007962998935573,797.9397678292836,1671.1937469613083,0.0005573945970167543,False,False
226,HUDN,Cesmag,1.0134306210020054,797.9397678292836,705.4488199905826,0.00023528891335882878,False,False
227,Udenar,Cesmag,1.4160685999694897,106.25,0.0,979.4804899128965,True,False
227,Mariana,Cesmag,1.415892942421442,106.25,0.0,979.3589893434872,True,False
227,UCC,Cesmag,1.4160489819163375,106.25,0.0,979.4669203017116,True,False
227,HUDN,Cesmag,1.4159537614070086,106.25,0.0,979.4010572276138,True,False
228,Udenar,Mariana,0.47485701779253947,797.94,328.45385063692163,0.0,False,True
228,UCC,Mariana,0.474825498528123,797.94,328.43204907691745,0.0,False,True
228,HUDN,Mariana,0.4748604458401396,797.94,328.4562217831662,0.0,False,True
228,Udenar,Cesmag,0.8085005110470328,106.25,0.0,559.2317184861222,True,False
228,UCC,Cesmag,0.8084468457532592,106.25,0.0,559.1945987390719,True,False
228,HUDN,Cesmag,0.8085063477055834,106.25,0.0,559.235755644475,True,False
229,Udenar,Mariana,0.1889152272850896,106.28,0.0,130.6651061040051,True,False
229,UCC,Mariana,0.18890984459348825,106.28,0.0,130.6613831115321,True,False
229,HUDN,Mariana,0.18891802988137749,106.28,0.0,130.66704454775356,True,False
229,Udenar,Cesmag,0.07338930018297073,691.1563402838154,42.92366530700627,7.836778057547272,False,False
229,UCC,Cesmag,0.07338720912879093,691.1563402838154,42.92244229889025,7.836554767129288,False,False
229,HUDN,Cesmag,0.0733903889282703,691.1563402838154,42.92430208837258,7.836894317754858,False,False
230,Udenar,Mariana,1.1547745488862786,797.9399999997867,798.7113644824371,2.4641756547902616e-10,False,True
230,HUDN,Mariana,0.4656615490039986,797.9399999997867,322.07946698400633,9.936760846818576e-11,False,True
230,Udenar,UCC,0.9114189890511464,797.94,630.392057967116,0.0,False,True
230,HUDN,UCC,0.36752869089673307,797.94,254.20489434563441,0.0,False,True
230,Udenar,Cesmag,1.4981064620622786,106.28,0.0,1036.1803155499958,True,False
230,HUDN,Cesmag,0.6041097600995602,106.28,0.0,417.83855667046186,True,False
231,Udenar,Mariana,0.47830003390083475,797.94,274.6207474645033,0.0,False,True
231,HUDN,Mariana,0.08262445145445066,797.94,47.4396550470874,0.0,False,True
231,Udenar,UCC,0.544915078294514,483.677433292283,141.62203021100765,171.24641114257057,False,False
231,HUDN,UCC,0.09413193853878095,483.677433292283,24.46464921705611,29.582144614370367,False,False
231,Udenar,Cesmag,0.6372182208729568,223.78,0.0,365.8652136964169,True,False
231,HUDN,Cesmag,0.11007694360512146,223.78,0.0,63.201777940316546,True,False
232,Udenar,Mariana,0.3882187690112198,797.94,212.39060633834828,0.0,False,True
232,Udenar,UCC,1.2169220943997956,250.85,0.0,665.7659086251842,True,False
232,Udenar,HUDN,0.621679742589156,797.94,340.1147703731014,0.0,False,True
232,Udenar,Cesmag,1.216812727333174,250.85,0.0,665.7060749967062,True,False
248,HUDN,Udenar,0.6574901545554707,100.75,0.0,458.39556085452864,True,False
248,HUDN,Mariana,0.4640064798465521,797.94,323.5006776842177,0.0,False,True
248,HUDN,UCC,0.6575294692442104,100.75,0.0,458.4229706623711,True,False
248,HUDN,Cesmag,0.4640072296871034,797.94,323.5012004655516,0.0,False,True
249,HUDN,Udenar,0.4056079002120475,797.94,282.7857719488374,0.0,False,True
249,HUDN,Mariana,1.1025697282646394,100.75,0.0,768.700588848824,True,False
249,HUDN,UCC,1.1025837307934978,100.75,0.0,768.7103512719189,True,False
249,HUDN,Cesmag,1.1025719740631479,100.75,0.0,768.7021545970862,True,False
250,Udenar,Mariana,0.21021303213867346,105.19,0.0,145.62507801406605,True,False
250,HUDN,Mariana,0.503235277884375,105.19,0.0,348.6162387544008,True,False
250,Udenar,UCC,0.17707530792476733,454.80291821162456,61.90781514679992,60.76110441808267,False,False
250,HUDN,UCC,0.42390588672485824,454.80291821162456,148.20297410496406,145.45782892368152,False,False
250,Udenar,Cesmag,0.1486783266023713,797.94,102.99691075379272,0.0,False,True
250,HUDN,Cesmag,0.3559255020582936,797.94,246.5673915508829,0.0,False,True
251,Udenar,Mariana,0.33846013981806344,797.94,234.4344158449817,0.0,False,True
251,HUDN,Mariana,0.6155676778699235,797.94,426.3729520766026,0.0,False,True
251,Udenar,UCC,1.0678180567071587,105.29,0.0,739.6241769782135,True,False
251,HUDN,UCC,1.9420729322930408,105.29,0.0,1345.1768165527749,True,False
251,Udenar,Cesmag,1.0458070358503924,105.29,0.0,724.3782433817744,True,False
251,HUDN,Cesmag,1.9020408241281084,105.29,0.0,1317.4485768323345,True,False
252,Udenar,UCC,0.056281780209024315,797.94,38.9892032398016,0.0,False,True
252,Mariana,UCC,0.05628272903952418,797.94,38.98986054213037,0.0,False,True
252,HUDN,UCC,0.05628221741752436,797.94,38.98950611599,0.0,False,True
252,Udenar,Cesmag,1.5352181821068247,105.19,0.0,1063.5223956545028,True,False
252,Mariana,Cesmag,1.53524406369281,105.19,0.0,1063.5403251231942,True,False
252,HUDN,Cesmag,1.5352301079940527,105.19,0.0,1063.53065731288,True,False
253,Udenar,UCC,0.28752121139814046,105.29006214949383,1.786929775339642e-05,199.15154920562426,False,False
253,Mariana,UCC,0.17874215929373907,105.29006214949383,1.1108734725946881e-05,123.80574552607366,False,False
253,HUDN,UCC,0.2874940383934466,105.29006214949383,1.7867608964908895e-05,199.13272782561185,False,False
253,Udenar,Cesmag,1.527331702341819,797.9398194073061,1057.9060278021143,0.00027582494666112127,False,False
253,Mariana,Cesmag,0.9494901976986808,797.9398194073061,657.6642139649987,0.00017147099266907255,False,False
253,HUDN,Cesmag,1.5271873575408983,797.9398194073061,1057.8060474018243,0.00027579887904466725,False,False
254,Udenar,Cesmag,1.0633969138694614,105.19,0.0,736.6682120830694,True,False
254,Mariana,Cesmag,1.0634000824228045,105.19,0.0,736.6704070983978,True,False
254,UCC,Cesmag,0.8888498737112973,105.19,0.0,615.7507500135013,True,False
254,HUDN,Cesmag,1.0633531299964434,105.19,0.0,736.6378808050362,True,False
255,Udenar,UCC,0.9691794240537489,797.94,557.520463686919,0.0,False,True
255,Mariana,UCC,0.1321261337245766,797.94,76.00555842506269,0.0,False,True
255,HUDN,UCC,0.16528266665177763,797.94,95.07885399143508,0.0,False,True
255,Udenar,Cesmag,0.9691872426069182,797.94,557.5249613096297,0.0,False,True
255,Mariana,Cesmag,0.13212719961118416,797.94,76.00617157633368,0.0,False,True
255,HUDN,Cesmag,0.16528400001846305,797.94,95.07962101062087,0.0,False,True
272,Udenar,Mariana,0.08560360301949797,359.13764971352117,21.121631816040214,37.56306219794643,False,False
272,HUDN,Mariana,0.0004003806299475374,359.13764971352117,0.09878897562407443,0.17568796143016038,False,False
272,Udenar,UCC,0.08549489784267864,485.003658878979,31.855711751666586,26.754460515403327,False,False
272,HUDN,UCC,0.00039987219986237536,485.003658878979,0.1489938447527074,0.12513454314094538,False,False
272,Udenar,Cesmag,0.08546816580448881,516.0389954242335,34.498284586075684,24.09356179953358,False,False
272,HUDN,Cesmag,0.0003997471701914305,516.0389954242335,0.1613535461997491,0.11268912885328419,False,False
273,Udenar,UCC,0.9142010276848038,797.94,628.8240348827155,0.0,False,True
273,Mariana,UCC,0.511999436041199,797.94,352.17369208657834,0.0,False,True
273,HUDN,UCC,0.3006627024461478,797.94,206.8078332505583,0.0,False,True
273,Udenar,Cesmag,2.636432305648362,110.1,0.0,1813.4435971171692,True,False
273,Mariana,Cesmag,1.476537230625584,110.1,0.0,1015.6213687135017,True,False
273,HUDN,Cesmag,0.867070630887296,110.1,0.0,596.4058627495177,True,False
274,Udenar,UCC,1.2297205096216597,797.9399999999581,843.0225981659811,5.1587320291490916e-11,False,True
274,Mariana,UCC,0.7099929277458507,797.9399999999581,486.7285516868607,2.978451793049077e-11,False,True
274,HUDN,UCC,0.5255843223336228,797.9399999999581,360.3090763325698,2.2048495218440032e-11,False,True
274,Udenar,Cesmag,2.0831679961224707,112.4,0.0,1428.0949880617986,True,False
274,Mariana,Cesmag,1.2027404055886572,112.4,0.0,824.5266576472482,True,False
274,HUDN,Cesmag,0.8903490110011439,112.4,0.0,610.3698610017243,True,False
275,Udenar,UCC,1.4904325352968744,797.9399999997871,1021.751120247102,3.1736591820516033e-10,False,True
275,Mariana,UCC,0.8239042705456558,797.9399999997871,564.8193336296936,1.7543842417717468e-10,False,True
275,HUDN,UCC,0.8667569182239075,797.9399999997871,594.1965377190331,1.8456327186793018e-10,False,True
275,Udenar,Cesmag,1.8066341313700394,112.4,0.0,1238.519962419417,True,False
275,Mariana,Cesmag,0.9986990627875265,112.4,0.0,684.648155503361,True,False
275,HUDN,Cesmag,1.050643081776108,112.4,0.0,720.2578582807932,True,False
276,Udenar,Cesmag,1.1373880905115092,112.4,0.0,779.7250315692602,True,False
276,Mariana,Cesmag,1.137388137085069,112.4,0.0,779.7250634972983,True,False
276,UCC,Cesmag,1.136859844110003,112.4,0.0,779.3628975311716,True,False
276,HUDN,Cesmag,1.1371972616331754,112.4,0.0,779.5942107400072,True,False
277,Udenar,Cesmag,0.14261920608213036,797.94,97.77117053754365,0.0,False,True
277,Mariana,Cesmag,0.14261771293222308,797.94,97.77014692355623,0.0,False,True
277,UCC,Cesmag,0.1426141898782518,797.94,97.76773172913676,0.0,False,True
277,HUDN,Cesmag,0.14261555777392076,797.94,97.76866947633366,0.0,False,True
278,Udenar,Cesmag,0.3483828988413841,201.4,0.0,207.8243344748393,True,False
278,Mariana,Cesmag,0.3483794648713276,201.4,0.0,207.82228597434178,True,False
278,UCC,Cesmag,0.3478637046643171,201.4,0.0,207.51461438045175,True,False
278,HUDN,Cesmag,0.348373931622971,201.4,0.0,207.81898517036714,True,False
279,Udenar,Mariana,0.07669795423393103,797.94,43.053629629674845,0.0,False,True
279,HUDN,Mariana,0.2002397124779711,797.94,112.4025602023843,0.0,False,True
279,Udenar,UCC,0.8146035059285123,236.6,0.0,457.2695320179111,True,False
279,HUDN,UCC,2.126731715858211,236.6,0.0,1193.8195813798482,True,False
279,Udenar,Cesmag,0.7293652065045098,236.6,0.0,409.4218650192415,True,False
279,HUDN,Cesmag,1.904195238330735,236.6,0.0,1068.900955084575,True,False
280,Udenar,Mariana,0.13076120578012254,112.49794185731832,0.0023460988968784227,89.62923001514592,False,False
280,Udenar,UCC,0.09653483804783736,797.94,66.1707700882706,0.0,False,True
280,Udenar,HUDN,0.1300333262571639,273.6103084329088,20.95230996637388,68.1803338498617,False,False
280,Udenar,Cesmag,0.09673729658154549,797.94,66.30954731478617,0.0,False,True
294,Udenar,Mariana,0.031546684200073914,549.429241165794,7.686956600328954,7.8396904292634275,False,False
294,Udenar,UCC,0.03154738401785688,549.1274862528101,7.677607546277905,7.849383919630897,False,False
294,Udenar,HUDN,0.03154901597014123,548.4238365155878,7.6558052536060215,7.871989426578092,False,False
294,Udenar,Cesmag,0.03155691581192888,545.0186431858762,7.5502648602930265,7.981417964022134,False,False
295,Udenar,Mariana,0.397463460262526,251.84,0.0,217.05479564936545,True,False
295,Udenar,UCC,0.3783336846493385,538.1786744100613,108.33156574716571,98.27645943983804,False,False
295,Udenar,HUDN,0.42262762228999545,251.84,0.0,230.79694453256653,True,False
295,Udenar,Cesmag,0.1753752327981308,797.94,95.77241463105923,0.0,False,True
296,Udenar,Mariana,0.37211871266832824,109.84,0.0,256.05488618707665,True,False
296,HUDN,Mariana,0.3721209924518263,109.84,0.0,256.0564549061017,True,False
296,Cesmag,Mariana,0.3750012577489087,109.84,0.0,258.0383654570241,True,False
296,Udenar,UCC,0.34138305167996,681.5157375293838,195.16040784917288,39.745270011807605,False,False
296,HUDN,UCC,0.34138514316124086,681.5157375293838,195.16160349827663,39.7455135109732,False,False
296,Cesmag,UCC,0.34402750895640594,681.5157375293838,196.67217991305006,40.05314899985287,False,False
301,Udenar,Cesmag,0.05856885139518049,196.76,0.0,35.21042208175461,True,False
301,Mariana,Cesmag,0.05856887883569114,196.76,0.0,35.2104385784408,True,False
301,UCC,Cesmag,0.058568414013837874,196.76,0.0,35.21015913683906,True,False
301,HUDN,Cesmag,0.058567516469570265,196.76,0.0,35.20961955117625,True,False
302,Udenar,Cesmag,0.17001748518399043,251.84,0.0,92.84654865897718,True,False
302,Mariana,Cesmag,0.17001592421017409,251.84,0.0,92.84569621117608,True,False
302,UCC,Cesmag,0.16999603033635213,251.84,0.0,92.8348321666819,True,False
302,HUDN,Cesmag,0.1700108876504359,251.84,0.0,92.84294574590305,True,False
303,Udenar,Cesmag,0.025968669859045838,456.7600000463004,1.2023594318258866e-09,8.859990781306902,True,False
303,Mariana,Cesmag,0.02596865581959721,456.7600000463004,1.2023587817939994e-09,8.859985991327818,True,False
303,UCC,Cesmag,0.025968604200216763,456.7600000463004,1.2023563917967726e-09,8.8599683798276,True,False
303,HUDN,Cesmag,0.02596773083542522,456.7600000463004,1.2023159546700258e-09,8.859670405228062,True,False
304,Udenar,UCC,0.027691698783830574,456.76,0.0,9.447853791067317,True,False
304,Mariana,UCC,0.007769112312167211,456.76,0.0,2.6506657386652095,True,False
304,Cesmag,UCC,0.02787252223734564,456.76,0.0,9.509547136937588,True,False
304,Udenar,HUDN,0.4366689406643384,456.76,0.0,148.98270917585901,True,False
304,Mariana,HUDN,0.12251072314981618,456.76,0.0,41.79820852425429,True,False
304,Cesmag,HUDN,0.43952033618583,456.76,0.0,149.95554829988149,True,False
305,Udenar,Mariana,0.1457426558065598,456.76,0.0,49.72447930808208,True,False
305,Udenar,UCC,0.14632209335782723,456.76,0.0,49.9221718118235,True,False
305,Udenar,HUDN,0.127950491182518,721.6111001430552,33.887828353534175,9.766320228117324,False,False
305,Udenar,Cesmag,0.12795142632000012,720.952147408936,33.80376208351708,9.850705548340567,False,False
318,Udenar,Mariana,0.06221361239582454,544.159374001199,27.182954718460852,15.78860949945912,False,False
318,Udenar,UCC,0.062307155375026214,416.5416729303291,19.272330464579305,23.763844824505053,False,False
318,Udenar,HUDN,0.062192435728396736,570.8684650081777,28.834805436233612,14.1221318457273,False,False
318,Udenar,Cesmag,0.06228679650075039,444.7057416626538,21.020282844881525,22.00183036615178,False,False
319,Udenar,HUDN,0.027583571709845742,797.94,18.983841557867137,0.0,False,True
319,Mariana,HUDN,0.027582424797902384,797.94,18.983052218660358,0.0,False,True
319,UCC,HUDN,0.027583110056890597,797.94,18.983523834453816,0.0,False,True
319,Udenar,Cesmag,0.11901927805649207,109.71,0.0,81.91263773681953,True,False
319,Mariana,Cesmag,0.11901432929075731,109.71,0.0,81.9092318477779,True,False
319,UCC,Cesmag,0.1190172860881179,109.71,0.0,81.91126680442538,True,False
320,Udenar,Cesmag,0.03278347758034197,151.63,0.0,21.188289394950818,True,False
320,Mariana,Cesmag,0.03278341931812634,151.63,0.0,21.188251739498234,True,False
320,UCC,Cesmag,0.032783372556549506,151.63,0.0,21.188221517023514,True,False
320,HUDN,Cesmag,0.03278306387831476,151.63,0.0,21.188022015193617,True,False
321,Udenar,Cesmag,0.12544217772101723,797.94,81.07453388287065,0.0,False,True
321,Mariana,Cesmag,0.12544131405546163,797.94,81.07397568718541,0.0,False,True
321,UCC,Cesmag,0.12544170135861857,797.94,81.07422600508878,0.0,False,True
321,HUDN,Cesmag,0.12544147353157406,797.94,81.07407875819163,0.0,False,True
323,Udenar,Cesmag,0.053916688860806014,151.63,0.0,34.84689517762754,True,False
323,Mariana,Cesmag,0.05391661801875992,151.63,0.0,34.84684939170472,True,False
323,UCC,Cesmag,0.053916525605154045,151.63,0.0,34.84678966386711,True,False
323,HUDN,Cesmag,0.05391683418194526,151.63,0.0,34.846989100133044,True,False
329,Udenar,Mariana,0.11587397279986944,797.94,61.21737856989903,0.0,False,True
329,Udenar,UCC,0.15021646570774522,276.98622810426593,1.105026586762816,78.25583441129606,False,False
329,Udenar,HUDN,0.115850407206575,797.94,61.20492863130564,0.0,False,True
329,Udenar,Cesmag,0.15019248761914972,279.87989905879914,1.539457837486225,77.80873529658678,False,False
343,Udenar,Mariana,0.29664576535608006,797.94,199.6277677963741,0.0,False,True
343,Udenar,UCC,0.2976826010352928,797.94,200.32550636670032,0.0,False,True
343,Udenar,HUDN,0.40893780457684653,185.19512024094175,24.620149695615787,250.57454589437313,False,False
343,Udenar,Cesmag,0.4093004956984506,124.99017141467382,7.016011096836883e-05,275.4386984201614,False,False
344,Udenar,Mariana,0.221604625256324,124.99,0.0,149.12883256624323,True,False
344,UCC,Mariana,0.05585864263316229,124.99,0.0,37.59007355998657,True,False
344,HUDN,Mariana,0.06103505363611578,124.99,0.0,41.07353934442411,True,False
344,Udenar,Cesmag,2.4117959061715295,797.94,1623.0180550581308,0.0,False,True
344,UCC,Cesmag,0.6079279302501243,797.94,409.10510066182115,0.0,False,True
344,HUDN,Cesmag,0.6642645087192951,797.94,447.0168011426497,0.0,False,True
345,Udenar,Mariana,0.4535399929856419,149.99,0.0,293.8712384550467,True,False
345,HUDN,Mariana,0.5843596375370085,149.99,0.0,378.6358271421047,True,False
345,Udenar,UCC,0.3280636590614262,797.94,212.56884788885114,0.0,False,True
345,HUDN,UCC,0.4226907578524069,797.94,273.88247655046706,0.0,False,True
345,Udenar,Cesmag,0.3900963656140774,468.4697979866397,124.23781171609372,128.52512838354775,False,False
345,HUDN,Cesmag,0.5026162536165293,468.4697979866397,160.07312291659392,165.59707861423627,False,False
346,Udenar,Mariana,0.15249132634589188,164.99,0.0,96.51938501063228,True,False
346,HUDN,Mariana,0.3457672971255763,164.99,0.0,218.85341071563354,True,False
346,Udenar,UCC,0.12825162350353558,451.6852547264456,36.769131869426324,44.407733227136525,False,False
346,HUDN,UCC,0.2908048495172174,451.6852547264456,83.37237040802432,100.69255909389845,False,False
346,Udenar,Cesmag,0.11112371681724877,797.94,70.33575655947762,0.0,False,True
346,HUDN,Cesmag,0.251968083242258,797.94,159.48319828818722,0.0,False,True
347,HUDN,Udenar,0.31601047752191785,797.94,200.01883174749793,0.0,False,True
347,HUDN,Mariana,1.150793925550091,164.99,0.0,728.3950151769301,True,False
347,HUDN,UCC,1.150848368777813,164.99,0.0,728.4294750179168,True,False
347,HUDN,Cesmag,1.150847228150186,164.99,0.0,728.4287530576603,True,False
348,Udenar,UCC,0.4459941566769068,797.9399999999439,288.9819138187767,2.504761066556875e-11,False,True
348,Mariana,UCC,0.25305803246741493,797.9399999999439,163.9689521372473,1.4212067530809574e-11,False,True
348,HUDN,UCC,1.6570936713011026,797.9399999999439,1073.7138443194565,9.306453121357034e-11,False,True
348,Udenar,Cesmag,0.7774546161388163,149.99,0.0,503.75171852714607,True,False
348,Mariana,Cesmag,0.44112940426654385,149.99,0.0,285.8297974945071,True,False
348,HUDN,Cesmag,2.888636785815909,149.99,0.0,1871.6922053694186,True,False
349,Udenar,UCC,0.8715110369387229,797.9399999999342,551.6229108303073,5.73669342870199e-11,False,True
349,Mariana,UCC,0.5285120136342708,797.9399999999342,334.5216790297769,3.4789133666691076e-11,False,True
349,HUDN,UCC,0.9904873359436717,797.9399999999342,626.9289592854818,6.519851098248477e-11,False,True
349,Udenar,Cesmag,1.3870556297279213,164.99,0.0,877.9368608362878,True,False
349,Mariana,Cesmag,0.8411546530323476,164.99,0.0,532.4088376368245,True,False
349,HUDN,Cesmag,1.576412664056438,164.99,0.0,997.7903957145224,True,False
350,HUDN,Udenar,0.08955796441262408,797.94,56.685713574970414,0.0,False,True
350,HUDN,Mariana,0.14350444340171437,797.94,90.83113745111511,0.0,False,True
350,HUDN,UCC,0.4642782010041798,164.99,0.0,293.86488732559565,True,False
350,HUDN,Cesmag,0.4642927245148107,164.99,0.0,293.87407998164946,True,False
351,Mariana,Udenar,0.47406499942399594,797.94,300.05944138541827,0.0,False,True
351,HUDN,Udenar,0.0579912657437442,797.94,36.70557165250289,0.0,False,True
351,Mariana,UCC,1.1284159135791985,164.99,0.0,714.2308524999537,True,False
351,HUDN,UCC,0.13803648696588883,164.99,0.0,87.37019442505934,True,False
351,Mariana,Cesmag,1.128435753663415,164.99,0.0,714.2434102812587,True,False
351,HUDN,Cesmag,0.13803891395711868,164.99,0.0,87.37173058915828,True,False
368,HUDN,Udenar,0.4672315694604666,375.6555858659448,99.30333535034514,197.3046095745483,False,False
368,HUDN,Mariana,0.5293225740908485,163.12,0.0,336.02455648435244,True,False
368,HUDN,UCC,0.3853830814725013,797.94,244.6488877803733,0.0,False,True
368,HUDN,Cesmag,0.3854076025623855,797.94,244.66445425865356,0.0,False,True
369,Udenar,Mariana,0.05256118061071459,797.94,33.366888675293836,0.0,False,True
369,HUDN,Mariana,0.027303547516438858,797.94,17.332838034385716,0.0,False,True
369,Udenar,UCC,1.414608743980157,163.12,0.0,898.0219228534833,True,False
369,HUDN,UCC,0.7348357972209232,163.12,0.0,466.4884607917865,True,False
369,Udenar,Cesmag,1.418763408741783,163.12,0.0,900.6593871374588,True,False
369,HUDN,Cesmag,0.7369939885970778,163.12,0.0,467.8585238411969,True,False
370,Udenar,Mariana,0.89852546685982,797.94,570.401936871951,0.0,False,True
370,HUDN,Mariana,1.0063452133957551,797.94,638.8480683678933,0.0,False,True
370,Udenar,UCC,1.306505666893173,163.12,0.0,829.3959274571241,True,False
370,HUDN,UCC,1.463281534742804,163.12,0.0,928.920383885427,True,False
370,Udenar,Cesmag,1.3066768434549325,163.12,0.0,829.5045937620603,True,False
370,HUDN,Cesmag,1.4634732518615003,163.12,0.0,929.0420897467177,True,False
371,Udenar,UCC,0.4486628608426531,797.94,284.8201573201331,0.0,False,True
371,Mariana,UCC,0.12708377098958584,797.94,80.67531949960889,0.0,False,True
371,HUDN,UCC,0.4507938500638964,797.94,286.1729518975627,0.0,False,True
371,Udenar,Cesmag,5.265801484780876,163.12,0.0,3342.836098568596,True,False
371,Mariana,Cesmag,1.4915384545878325,163.12,0.0,946.8584417414479,True,False
371,HUDN,Cesmag,5.290812171327726,163.12,0.0,3358.7133826022673,True,False
372,Udenar,Mariana,0.5885197699903535,797.94,373.60412038527625,0.0,False,True
372,HUDN,Mariana,0.7654671149519219,797.94,485.9338339137791,0.0,False,True
372,Udenar,UCC,0.42497152055310566,797.94,269.78042067752256,0.0,False,True
372,HUDN,UCC,0.5527456176699993,797.94,350.89397300926896,0.0,False,True
372,Udenar,Cesmag,2.1491983646290143,163.12,0.0,1364.354105833791,True,False
372,HUDN,Cesmag,2.7953872673780347,163.12,0.0,1774.5677450769242,True,False
373,Udenar,Mariana,0.2562804894797917,446.5950880343058,72.64913431675893,90.04284601480245,False,False
373,HUDN,Mariana,0.16997522703007664,446.5950880343058,48.183742446002086,59.719931177231175,False,False
373,Udenar,UCC,0.305487750672694,163.12,0.0,193.92973388203964,True,False
373,HUDN,UCC,0.20261140393816476,163.12,0.0,128.62177144802575,True,False
373,Udenar,Cesmag,0.22241357802972192,797.94,141.19258760482808,0.0,False,True
373,HUDN,Cesmag,0.14751336903137335,797.94,93.64443692849645,0.0,False,True
375,Udenar,Mariana,0.10989881420728781,164.12,0.0,69.65606642086317,True,False
375,Udenar,UCC,0.08005098122532739,797.94,50.73791292023701,0.0,False,True
375,Udenar,HUDN,0.07353834462024858,797.94,46.61007358720596,0.0,False,True
375,Udenar,Cesmag,0.08474519328046978,278.0956995357733,9.658892686435857,44.05430571859151,False,False
391,Udenar,Mariana,0.02469758447181287,530.8627372676757,7.206822752774638,6.59616325683214,False,False
391,Udenar,UCC,0.024696153862137797,531.4443857008173,7.220769776154026,6.581416694317547,False,False
391,Udenar,HUDN,0.024706876206202523,527.0825864871725,7.116138388928832,6.692040585193636,False,False
391,Udenar,Cesmag,0.024699385459846585,530.1303516413353,7.18925881112243,6.614733734676631,False,False
392,Udenar,Mariana,0.26955128791328775,239.06,0.0,150.64682378897828,True,False
392,HUDN,Mariana,0.5706588640940664,239.06,0.0,318.9298259648919,True,False
392,Udenar,UCC,0.229567636257564,474.9494707484023,54.1525882177585,74.14817233386887,False,False
392,HUDN,UCC,0.4860106867971412,474.9494707484023,114.64480368664515,156.97684895054115,False,False
392,Udenar,Cesmag,0.20388107615800533,797.94,113.94505584318604,0.0,False,True
392,HUDN,Cesmag,0.43163044877991147,797.94,241.22962521411696,0.0,False,True
393,Udenar,Cesmag,1.0743750865145627,239.06,0.0,600.446748351259,True,False
393,Mariana,Cesmag,0.42631402482625175,239.06,0.0,238.25838219489563,True,False
393,UCC,Cesmag,0.8351643839970699,239.06,0.0,466.7566709282825,True,False
393,HUDN,Cesmag,1.074379837995418,239.06,0.0,600.4494038588792,True,False
394,Udenar,Cesmag,0.7293573870710898,239.06,0.0,407.62325648629076,True,False
394,Mariana,Cesmag,0.7293478921176774,239.06,0.0,407.6179499467276,True,False
394,UCC,Cesmag,0.7293420275940703,239.06,0.0,407.6146723817741,True,False
394,HUDN,Cesmag,0.7293526932171988,239.06,0.0,407.62063318522814,True,False
395,Udenar,Cesmag,0.39875117157300266,239.06,0.0,222.85405476871978,True,False
395,Mariana,Cesmag,0.39875059470553686,239.06,0.0,222.8537323690305,True,False
395,UCC,Cesmag,0.39874755201604406,239.06,0.0,222.85203187072676,True,False
395,HUDN,Cesmag,0.39875068170536726,239.06,0.0,222.8537809914957,True,False
397,Udenar,Mariana,0.4753716170658271,797.94,265.6756893457495,0.0,False,True
397,HUDN,Mariana,0.4753938810817846,797.94,265.6881322589878,0.0,False,True
397,Udenar,UCC,0.6229445175035376,318.7996795318808,49.67339619187422,298.47783575050295,False,False
397,HUDN,UCC,0.6229736930918448,318.7996795318808,49.675722643935984,298.4918149512343,False,False
397,Udenar,Cesmag,0.7037345267272146,239.06,0.0,393.30315229730576,True,False
397,HUDN,Cesmag,0.7037674861133674,239.06,0.0,393.32157263903883,True,False
398,Udenar,Mariana,0.16891734966776062,249.06,0.0,92.71535488564047,True,False
398,Udenar,UCC,0.12837897944631613,797.93999738286,70.46465390250823,3.3598576384232743e-07,False,False
398,Udenar,HUDN,0.004353617437568688,797.94,2.389613539132702,0.0,False,True
398,Udenar,Cesmag,0.13071672011502322,284.7971656429736,4.671445079056803,67.07634825767715,False,False
399,Udenar,Mariana,0.14909038753223317,797.94,81.83273190869215,0.0,False,True
399,HUDN,Mariana,0.21154471450440437,797.94,116.1126628971775,0.0,False,True
399,Udenar,UCC,0.3354542829850778,249.06,0.0,184.12414684484952,True,False
399,HUDN,UCC,0.4759769003088405,249.06,0.0,261.2542010415164,True,False
399,Udenar,Cesmag,0.3354553294826437,249.06,0.0,184.12472124643352,True,False
399,HUDN,Cesmag,0.47597838518679575,249.06,0.0,261.2550160613285,True,False
400,Udenar,UCC,1.1407267017138512,267.06,0.0,605.5889914058495,True,False
400,Mariana,UCC,0.8000532698952986,267.06,0.0,424.7322799220162,True,False
400,HUDN,UCC,0.9575184966782735,267.06,0.0,508.3274195165619,True,False
400,Udenar,Cesmag,0.43973996495275713,797.94,233.44915259411977,0.0,False,True
400,Mariana,Cesmag,0.30841339677150764,797.94,163.730504078058,0.0,False,True
400,HUDN,Cesmag,0.36911483665489375,797.94,195.95568448335004,0.0,False,True
415,Udenar,Mariana,0.16998129419182376,433.9942374685499,28.923037497127027,61.86397173072606,False,False
415,HUDN,Mariana,0.002961309344776318,433.9942374685499,0.5038793334689056,1.077755987576126,False,False
415,Udenar,UCC,0.1561215801720964,797.94,83.38453596991671,0.0,False,True
415,HUDN,UCC,0.0027198539492309074,797.94,1.452673994284228,0.0,False,True
415,Udenar,Cesmag,0.2038971256187711,263.84,0.0,108.90145479298567,True,False
415,HUDN,Cesmag,0.0035521700566473278,263.84,0.0,1.8972140272553382,True,False
417,HUDN,Udenar,0.06114436746485618,510.23894760107913,15.065907795074226,17.591298867905465,False,False
417,HUDN,Mariana,0.06110608347197088,546.7079426110498,17.28495211273548,15.35180706964417,False,False
417,HUDN,UCC,0.06112140025179679,532.1124066235723,16.397185141752143,16.247754732732528,False,False
417,HUDN,Cesmag,0.06109481547804464,557.3904588456866,17.93441111667256,14.696329830151088,False,False
418,HUDN,Udenar,0.037030973518588445,797.94,18.66731375072044,0.0,False,True
418,HUDN,Mariana,0.17451646568061008,543.9515436416468,43.64858262226187,44.325167727333685,False,False
418,HUDN,UCC,0.22366778676508692,293.84,0.0,112.75093130828033,True,False
418,HUDN,Cesmag,0.1745181073690566,541.2124868018068,43.170978211828256,44.80359971291319,False,False
419,Udenar,Mariana,0.19182923986342723,486.18374975928555,36.89715530880502,59.80396450634867,False,False
419,HUDN,Mariana,0.5515456277467272,486.18374975928555,106.08635420414457,171.94779674298067,False,False
419,Udenar,UCC,0.22417008917281755,293.84,0.0,113.00414195201735,True,False
419,HUDN,UCC,0.6445317337536375,293.84,0.0,324.9084469852087,True,False
419,Udenar,Cesmag,0.17423400430612293,797.94,87.83136157071658,0.0,False,True
419,HUDN,Cesmag,0.5009559718239284,797.94,252.53190539644234,0.0,False,True
420,Udenar,Cesmag,1.556763816326773,293.84,0.0,784.7646398103263,True,False
420,Mariana,Cesmag,1.55672712738101,293.84,0.0,784.7461449127672,True,False
420,UCC,Cesmag,1.5567295477283831,293.84,0.0,784.7473650098781,True,False
420,HUDN,Cesmag,1.5567450258063722,293.84,0.0,784.7551675089924,True,False
421,Udenar,Mariana,0.3569783840679222,797.94,179.95280340863962,0.0,False,True
421,HUDN,Mariana,0.24755741428257624,797.94,124.7936925398467,0.0,False,True
421,Udenar,UCC,0.0823816225436143,797.94,41.52857592423597,0.0,False,True
421,HUDN,UCC,0.05713001787079146,797.94,28.799242008665978,0.0,False,True
421,Udenar,Cesmag,2.010073326721549,293.84,0.0,1013.2779640003331,True,False
421,HUDN,Cesmag,1.3939459011802187,293.84,0.0,702.6881287849484,True,False
422,Udenar,Mariana,0.5533166580144048,797.9399999999436,278.92692730503023,3.126369609085022e-11,False,True
422,HUDN,Mariana,0.5702673428195508,797.9399999999436,287.4717675153034,3.222144975794854e-11,False,True
422,Udenar,UCC,0.7115698795188677,293.84,0.0,358.7023762654613,True,False
422,HUDN,UCC,0.7333686028155674,293.84,0.0,369.69111267932755,True,False
422,Udenar,Cesmag,0.5533134649229211,797.939999999963,278.9253176676241,2.050685333925597e-11,False,True
422,HUDN,Cesmag,0.5702640519087566,797.939999999963,287.4701085671831,2.1135074453269983e-11,False,True
423,Udenar,Mariana,0.19288031207248843,659.8056519288903,47.44193170315742,26.6433961638854,False,False
423,HUDN,Mariana,0.18773129362709212,659.8056519288903,46.17545002444164,25.93213985772446,False,False
423,Udenar,UCC,0.2051848603587549,413.84,0.0,78.81150486379778,True,False
423,HUDN,UCC,0.1997073669884259,413.84,0.0,76.7075996602544,True,False
423,Udenar,Cesmag,0.20503482756875593,413.84,0.0,78.75387726915918,True,False
423,HUDN,Cesmag,0.19956133938448375,413.84,0.0,76.65151045758023,True,False
439,Udenar,Mariana,1.048966652339876,262.78,0.0,561.3649936662081,True,False
439,HUDN,Mariana,0.3895257524092523,262.78,0.0,208.4586016593355,True,False
439,Udenar,UCC,0.5497573116969373,797.94,294.20812292773303,0.0,False,True
439,HUDN,UCC,0.20414817764099738,797.94,109.25193874635617,0.0,False,True
439,Udenar,Cesmag,1.030476035963209,262.78,0.0,551.469555406071,True,False
439,HUDN,Cesmag,0.38265940328313125,262.78,0.0,204.78400626100054,True,False
440,Udenar,Cesmag,1.3219991413697376,262.78,0.0,707.4810604954289,True,False
440,Mariana,Cesmag,1.321967706857577,262.78,0.0,707.464238001901,True,False
440,UCC,Cesmag,1.3219652542483722,262.78,0.0,707.4629254635589,True,False
440,HUDN,Cesmag,1.3219345641909999,262.78,0.0,707.4465013724556,True,False
441,Udenar,Cesmag,1.3113469071640076,262.78,0.0,701.7804108378904,True,False
441,Mariana,Cesmag,1.311342639975026,262.78,0.0,701.7781272090351,True,False
441,UCC,Cesmag,1.3113294236265012,262.78,0.0,701.7710543479585,True,False
441,HUDN,Cesmag,1.3113476959006436,262.78,0.0,701.7808329381885,True,False
442,Udenar,Cesmag,1.0552306570508498,262.78,0.0,564.7172384273329,True,False
442,Mariana,Cesmag,1.0552179803209183,262.78,0.0,564.7104543485427,True,False
442,UCC,Cesmag,1.0552223929785713,262.78,0.0,564.7128158264123,True,False
442,HUDN,Cesmag,1.0552289696495731,262.78,0.0,564.7163353976656,True,False
443,Udenar,Cesmag,0.543265463321444,262.78,0.0,290.733945351104,True,False
443,Mariana,Cesmag,0.5432653621399874,262.78,0.0,290.7338912028357,True,False
443,UCC,Cesmag,0.5432622757614518,262.78,0.0,290.7322394964986,True,False
443,HUDN,Cesmag,0.5432632206161879,262.78,0.0,290.73274514495915,True,False
447,Udenar,UCC,1.0021781238840703,283.78,0.0,515.2799041762337,True,False
447,Mariana,UCC,0.4205917300078166,283.78,0.0,216.251443900819,True,False
447,HUDN,UCC,1.0022738175584427,283.78,0.0,515.329106035849,True,False
447,Cesmag,UCC,1.0101896618830006,283.78,0.0,519.3991165537636,True,False
462,Udenar,Mariana,0.0485091437002338,544.2131446886798,14.487408312229885,12.308072484905264,False,False
462,Udenar,UCC,0.04853116129243854,526.7628798671732,13.647102318732001,13.160540555985204,False,False
462,Udenar,HUDN,0.048523506489406835,532.8413846102226,13.939900130419916,12.863514384198634,False,False
462,Udenar,Cesmag,0.04853618851792619,522.7678454991944,13.454612247797058,13.355807565735013,False,False
463,Udenar,Mariana,0.181696800756251,797.94,100.36567880173794,0.0,False,True
463,UCC,Mariana,0.013755380591495026,797.94,7.598197131130024,0.0,False,True
463,Udenar,HUDN,0.31510083351315693,430.18628480760674,58.17589623131438,115.87950218468326,False,False
463,UCC,HUDN,0.023854744288940116,430.18628480760674,4.404212813102488,8.772670837222254,False,False
463,Udenar,Cesmag,0.4158099672733173,245.56,0.0,229.68510972243507,True,False
463,UCC,Cesmag,0.03147894024349711,245.56,0.0,17.388337011702937,True,False
472,Udenar,HUDN,0.07863833612259921,304.76,0.0,38.78285460894348,True,False
472,Mariana,HUDN,0.07856520703250416,304.76,0.0,38.74678880429041,True,False
472,UCC,HUDN,0.07861157852284661,304.76,0.0,38.7696582958975,True,False
472,Cesmag,HUDN,0.07921821165537685,304.76,0.0,39.06883762419876,True,False
473,Udenar,Mariana,0.07743183015966047,600.0533522716189,22.865104700372786,15.32272529776857,False,False
473,Udenar,UCC,0.07748117703145224,547.77932689124,18.829423488924526,19.382743399447094,False,False
473,Udenar,HUDN,0.0774203483966463,611.767485517161,23.76862648911695,14.413540933141075,False,False
473,Udenar,Cesmag,0.0775999777455746,431.3151668964184,9.82067813474955,28.45007888981294,False,False
486,Udenar,Mariana,0.026231653289527007,538.5086513464895,7.08670807528732,6.805313190313288,False,False
486,Udenar,UCC,0.026237059627297332,536.3471013172034,7.031455927202309,6.863428480818086,False,False
486,Udenar,HUDN,0.026230900458938167,538.8095963978752,7.094398751277256,6.797223822771809,False,False
486,Udenar,Cesmag,0.02623371995757174,537.6824293137215,7.065591526108656,6.8275242262217635,False,False
487,Udenar,Cesmag,0.16776289959880247,268.35,0.0,88.84555399852981,True,False
487,Mariana,Cesmag,0.16774253546843743,268.35,0.0,88.83476935872979,True,False
487,UCC,Cesmag,0.16775791766179735,268.35,0.0,88.84291561451126,True,False
487,HUDN,Cesmag,0.16770331393763263,268.35,0.0,88.81399802823087,True,False
489,Udenar,Cesmag,0.05330025215369922,266.35,0.0,28.33388104238497,True,False
489,Mariana,Cesmag,0.0532995248129113,266.35,0.0,28.33349439529552,True,False
489,UCC,Cesmag,0.05330018041977649,266.35,0.0,28.333842909348984,True,False
489,HUDN,Cesmag,0.053300042613604735,266.35,0.0,28.333769652966144,True,False
490,Udenar,Cesmag,0.08800972235705252,268.35,0.0,46.60906886307145,True,False
490,Mariana,Cesmag,0.08800870789097856,268.35,0.0,46.60853161198334,True,False
490,UCC,Cesmag,0.08800944473692715,268.35,0.0,46.60892183822925,True,False
490,HUDN,Cesmag,0.08800545834837109,268.35,0.0,46.60681068671385,True,False
492,Udenar,Cesmag,0.03954187041355219,268.35,0.0,20.94097915231311,True,False
492,Mariana,Cesmag,0.039541742079372,268.35,0.0,20.940911187814617,True,False
492,UCC,Cesmag,0.03954176213809943,268.35,0.0,20.940921810716077,True,False
492,HUDN,Cesmag,0.039541292035622996,268.35,0.0,20.940672849145585,True,False
493,Udenar,Cesmag,0.07233360712611289,303.55,0.0,35.761012027078955,True,False
493,Mariana,Cesmag,0.07233308956937605,303.55,0.0,35.760756152203825,True,False
493,UCC,Cesmag,0.07233343803944077,303.55,0.0,35.760928432319126,True,False
493,HUDN,Cesmag,0.0723331985984037,303.55,0.0,35.76081005506481,True,False
494,Udenar,Cesmag,0.008858416276913651,303.55,0.0,4.37951242314334,True,False
494,Mariana,Cesmag,0.008858293875317915,303.55,0.0,4.3794519090184245,True,False
494,UCC,Cesmag,0.008858270768600685,303.55,0.0,4.379440485288493,True,False
494,HUDN,Cesmag,0.008858352412501103,303.55,0.0,4.379480849216421,True,False
495,Udenar,HUDN,0.20486586968524348,303.55,0.0,101.28363731368754,True,False
495,Mariana,HUDN,0.20484957081925564,303.55,0.0,101.2755793173318,True,False
495,UCC,HUDN,0.20486298287326593,303.55,0.0,101.28221010271395,True,False
495,Cesmag,HUDN,0.20642157662222946,303.55,0.0,102.05276326626404,True,False
496,Udenar,Mariana,0.11727027469199698,791.3804541834037,57.208011365209394,0.7692397397669959,False,False
496,Udenar,UCC,0.14964817069213626,303.55,0.0,73.98455910848526,True,False
496,Udenar,HUDN,0.11727308885835676,791.1234927220845,57.17924953697638,0.7993928637066257,False,False
496,Udenar,Cesmag,0.14957513242417714,303.55,0.0,73.94844971918894,True,False
497,Udenar,Mariana,0.011633358106695675,547.3952698990614,2.8367393473596407,2.9146765670096344,False,False
497,Udenar,UCC,0.011633290446703647,547.4058225506258,2.8368456108512543,2.914536853094562,False,False
497,Udenar,HUDN,0.011633361937761063,547.3946723838593,2.836733330436205,2.9146844779734877,False,False
497,Udenar,Cesmag,0.011633322842173895,547.400769960443,2.8367947322625127,2.9146037476798394,False,False
511,Udenar,Mariana,0.6569137817770133,244.26,0.0,363.7200226942968,True,False
511,Udenar,UCC,0.6569137892087081,244.26,0.0,363.7200268090776,True,False
511,Udenar,HUDN,0.20881392117975703,797.94,115.61609187880788,0.0,False,True
511,Udenar,Cesmag,0.14905850783450955,797.94,82.53071461781126,0.0,False,True
513,Udenar,Cesmag,0.45735328550402615,244.26,0.0,253.22736711786922,True,False
513,Mariana,Cesmag,0.45647578394463273,244.26,0.0,252.74151205446427,True,False
513,UCC,Cesmag,0.4573511387883407,244.26,0.0,253.2261785243285,True,False
513,HUDN,Cesmag,0.45735312683111873,244.26,0.0,253.22727926385386,True,False
514,Udenar,Cesmag,0.9895453534224316,244.26,0.0,547.891471282932,True,False
514,Mariana,Cesmag,0.22968093944572782,244.26,0.0,127.1697425523106,True,False
514,UCC,Cesmag,0.9895215751338667,244.26,0.0,547.8783057201194,True,False
514,HUDN,Cesmag,0.9895187986646535,244.26,0.0,547.8767684446454,True,False
515,Udenar,Cesmag,0.8997716440204886,244.26,0.0,498.1855638612642,True,False
515,Mariana,Cesmag,0.8997732563917886,244.26,0.0,498.18645659900557,True,False
515,UCC,Cesmag,0.8997467354686574,244.26,0.0,498.17177249428624,True,False
515,HUDN,Cesmag,0.8997750307858082,244.26,0.0,498.18743904548637,True,False
516,Udenar,Cesmag,0.9735586838521455,244.26,0.0,539.039972075256,True,False
516,Mariana,Cesmag,0.9735607985729744,244.26,0.0,539.0411429538846,True,False
516,UCC,Cesmag,0.9735540089072777,244.26,0.0,539.0373836517816,True,False
516,HUDN,Cesmag,0.9735598420009283,244.26,0.0,539.040613319074,True,False
517,Udenar,Cesmag,0.5464764351141429,244.26,0.0,302.5730725939987,True,False
517,Mariana,Cesmag,0.5464698665762635,244.26,0.0,302.5694357259456,True,False
517,UCC,Cesmag,0.5464415732967147,244.26,0.0,302.55377030292505,True,False
517,HUDN,Cesmag,0.5464787916795323,244.26,0.0,302.5743773771235,True,False
518,Udenar,Cesmag,1.2273605161329777,244.26,0.0,679.5649705725071,True,False
518,Mariana,Cesmag,1.2273075035201082,244.26,0.0,679.5356185490136,True,False
518,UCC,Cesmag,1.2273266481681295,244.26,0.0,679.5462185577301,True,False
518,HUDN,Cesmag,1.2273386655120844,244.26,0.0,679.5528723207309,True,False
519,Udenar,Mariana,0.26852790463343035,244.26,0.0,148.67853023743774,True,False
519,HUDN,Mariana,0.22894969024592646,244.26,0.0,126.76486449536458,True,False
519,Udenar,UCC,0.2243557512680481,437.6490889232306,43.38795433241476,80.83333802967813,False,False
519,HUDN,UCC,0.19128805189707404,437.6490889232306,36.9930220782748,68.91934649609716,False,False
519,Udenar,Cesmag,0.20368301075248316,797.94,112.77520939343489,0.0,False,True
519,HUDN,Cesmag,0.17366225786970663,797.94,96.15331893729918,0.0,False,True
535,Udenar,Mariana,0.07479931084436073,797.94,44.4502384623698,0.0,False,True
535,HUDN,Mariana,0.019082023241427312,797.94,11.339683131450595,0.0,False,True
535,Udenar,UCC,1.1728930075866912,203.68,0.0,697.0033986884671,True,False
535,HUDN,UCC,0.299216281244182,203.68,0.0,177.81226729216758,True,False
535,Udenar,Cesmag,1.4025410149022801,203.68,0.0,833.474023515829,True,False
535,HUDN,Cesmag,0.35780169551439345,203.68,0.0,212.62723557638344,True,False
536,Udenar,UCC,0.7263038313826312,797.94,431.61331483744243,0.0,False,True
536,Mariana,UCC,0.500416496372139,797.94,297.37750713410736,0.0,False,True
536,HUDN,UCC,0.7263636469192856,797.94,431.64886081825466,0.0,False,True
536,Udenar,Cesmag,2.075566373408566,203.68,0.0,1233.4260730617746,True,False
536,Mariana,Cesmag,1.4300456763305376,203.68,0.0,849.8189436161853,True,False
536,HUDN,Cesmag,2.0757373089203712,203.68,0.0,1233.5276531990198,True,False
537,Udenar,Cesmag,2.1369133676445204,203.68,0.0,1269.8821378564328,True,False
537,Mariana,Cesmag,0.47508194019317984,203.68,0.0,282.32219377919904,True,False
537,UCC,Cesmag,1.6919459862047188,203.68,0.0,1005.4558217620162,True,False
537,HUDN,Cesmag,2.1369253726242494,203.68,0.0,1269.8892719356863,True,False
538,Udenar,Cesmag,2.0763933540107784,213.68,0.0,1213.1535810143373,True,False
538,Mariana,Cesmag,2.0763939948063417,213.68,0.0,1213.1539554055532,True,False
538,UCC,Cesmag,0.9841641152352824,213.68,0.0,575.007725967366,True,False
538,HUDN,Cesmag,2.076381869280951,213.68,0.0,1213.1468709460883,True,False
539,Udenar,Cesmag,1.4005293454174887,223.68,0.0,804.267981899447,True,False
539,Mariana,Cesmag,1.4005172242614548,223.68,0.0,804.261021204383,True,False
539,UCC,Cesmag,1.400499232197936,223.68,0.0,804.2506890819867,True,False
539,HUDN,Cesmag,1.4005208647897986,223.68,0.0,804.2631118141898,True,False
540,Udenar,Cesmag,0.9229495972901354,797.9398999147484,530.0129433661904,9.237364274025279e-05,False,False
540,Mariana,Cesmag,0.9228556020301618,797.9398999147484,529.9589656576055,9.236423520100083e-05,False,False
540,UCC,Cesmag,0.9229342058856433,797.9398999147484,530.0041046997873,9.237210228766036e-05,False,False
540,HUDN,Cesmag,0.922927261460772,797.9398999147484,530.0001167950556,9.237140725314928e-05,False,False
541,Udenar,Cesmag,1.4619364274955031,223.68,0.0,839.5316128535676,True,False
541,Mariana,Cesmag,1.4618488526030522,223.68,0.0,839.4813220958288,True,False
541,UCC,Cesmag,0.8410335048176991,223.68,0.0,482.9719004766119,True,False
541,HUDN,Cesmag,1.461514548417153,223.68,0.0,839.2893445740343,True,False
542,HUDN,Udenar,0.18361388980244658,797.94,105.44211235795298,0.0,False,True
542,HUDN,Mariana,0.22241701192634958,297.4133824823533,16.399558610947672,111.32563465787784,False,False
542,HUDN,UCC,0.2856625624100529,223.68,0.0,164.04458308959698,True,False
542,HUDN,Cesmag,0.21437320252781478,797.94,123.10595528362292,0.0,False,True
543,Udenar,Mariana,0.17254612516633636,233.68,0.0,97.36087658635695,True,False
543,HUDN,Mariana,0.29896325491232784,233.68,0.0,168.6930062168301,True,False
543,Udenar,UCC,0.14418718908795747,438.81836883419413,29.578324776291108,51.78073853847978,False,False
543,HUDN,UCC,0.2498269452581126,438.81836883419413,51.24909204107873,89.7182600902639,False,False
543,Udenar,Cesmag,0.13013335241300947,797.94,73.42904543256472,0.0,False,True
543,HUDN,Cesmag,0.2254764664955815,797.94,127.22735098479681,0.0,False,True
560,HUDN,Udenar,0.22536112683494336,245.18,0.0,124.5706164692833,True,False
560,HUDN,Mariana,0.1727269714393315,797.94,95.47656073280487,0.0,False,True
560,HUDN,UCC,0.17257632397214442,797.94,95.39328883884255,0.0,False,True
560,HUDN,Cesmag,0.2114355777558146,284.80842892029335,8.378859764317456,108.49427019598662,False,False
561,HUDN,Udenar,0.7833364920416467,759.0702629927683,402.54899590711443,30.44808343382627,False,False
561,Cesmag,Udenar,0.15259704250433748,759.0702629927683,78.41813430447264,5.9314069102249585,False,False
561,HUDN,Mariana,0.9735356933656221,245.18,0.0,538.1315898647813,True,False
561,Cesmag,Mariana,0.189648598118842,245.18,0.0,104.8301590961711,True,False
561,HUDN,UCC,0.7384604876667248,797.94,408.1914191626588,0.0,False,True
561,Cesmag,UCC,0.14385501963613467,797.94,79.5173006540698,0.0,False,True
562,Udenar,Mariana,0.011326196090333961,797.94,6.260668150893,0.0,False,True
562,HUDN,Mariana,0.722643029198584,797.94,399.4481608198093,0.0,False,True
562,Udenar,UCC,0.041124604547650774,245.18,0.0,22.73203640975944,True,False
562,HUDN,UCC,2.6238649382272636,245.18,0.0,1450.3675832545023,True,False
562,Udenar,Cesmag,0.004682532695356922,797.94,2.5883167726854923,0.0,False,True
562,HUDN,Cesmag,0.2987586992408246,797.94,165.1418585923582,0.0,False,True
563,Udenar,Mariana,0.4041730171300443,797.94,221.38981186315306,0.0,False,True
563,HUDN,Mariana,0.5406239669427424,797.94,296.1321841325566,0.0,False,True
563,Cesmag,Mariana,0.40030315966030267,797.94,219.27005873552739,0.0,False,True
563,Udenar,UCC,0.9705539517660321,250.18,0.0,531.6306326193617,True,False
563,HUDN,UCC,1.2982181012572127,250.18,0.0,711.1119471446508,True,False
563,Cesmag,UCC,0.9612611365770101,250.18,0.0,526.540400171423,True,False
564,Udenar,UCC,0.13492110856779174,250.18,0.0,73.9043864290936,True,False
564,Mariana,UCC,0.1348790955827869,250.18,0.0,73.88137339642735,True,False
564,HUDN,UCC,0.1349252412326554,250.18,0.0,73.90665013759931,True,False
564,Cesmag,UCC,0.13597455461680763,250.18,0.0,74.48142203690254,True,False
565,Udenar,UCC,0.2531969863674912,250.18,0.0,138.69118125265697,True,False
565,Mariana,UCC,0.24912841417111012,250.18,0.0,136.4625801463673,True,False
565,HUDN,UCC,0.2531961541109645,250.18,0.0,138.69072537582193,True,False
565,Cesmag,UCC,0.2552117786837744,250.18,0.0,139.79480389182427,True,False
566,Udenar,Mariana,0.027382405643697094,797.94,9.659417414870589,0.0,False,True
566,HUDN,Mariana,0.02738107018339251,797.94,9.658946317893543,0.0,False,True
566,Udenar,UCC,0.585053106528811,445.18,0.0,206.3833338591034,True,False
566,HUDN,UCC,0.5850245730527671,445.18,0.0,206.37326839009415,True,False
566,Udenar,Cesmag,0.29416659565785214,445.83801798168463,0.1935669095538163,103.57664137471012,False,False
566,HUDN,Cesmag,0.2941522489334878,445.83801798168463,0.1935574691512063,103.57158986462596,False,False
567,Udenar,UCC,1.2584124411064899,445.18,0.0,443.9175727247254,True,False
567,Mariana,UCC,0.1908240934009586,445.18,0.0,67.31510718812217,True,False
567,HUDN,UCC,0.08866740614256599,445.18,0.0,31.27831419085158,True,False
567,Udenar,Cesmag,0.28775317820965723,582.1067450650585,39.40110607437408,62.10670507086463,False,False
567,Mariana,Cesmag,0.04363453367628386,582.1067450650585,5.974734668725229,9.417783430920668,False,False
567,HUDN,Cesmag,0.020275014130715426,582.1067450650585,2.7761916910669293,4.376022293684246,False,False
568,Udenar,UCC,0.3008061188522383,445.18,0.0,106.1123664863156,True,False
568,Mariana,UCC,0.30080118172565434,445.18,0.0,106.11062486554184,True,False
568,HUDN,UCC,0.30075936607226705,445.18,0.0,106.09587397565294,True,False
568,Udenar,Cesmag,0.08112686911934826,445.18,0.0,28.618314350541294,True,False
568,Mariana,Cesmag,0.08112553758519878,445.18,0.0,28.617844638554725,True,False
568,HUDN,Cesmag,0.08111425997867469,445.18,0.0,28.613866350077288,True,False
569,Udenar,Mariana,0.3260447490728884,749.1801639573204,95.85720968485256,15.89788850737068,False,False
569,Udenar,UCC,0.3260759732324178,695.2291607423525,78.2742637126877,33.491536872455846,False,False
569,Udenar,HUDN,0.35993697245575096,455.18,0.0,123.37199667893321,True,False
569,Udenar,Cesmag,0.3857423052388441,455.18,0.0,132.21703254366622,True,False
583,Udenar,Mariana,0.505869676839425,254.08,0.0,275.12228244588965,True,False
583,Udenar,UCC,0.5337625060713453,254.08,0.0,290.2920765519619,True,False
583,Udenar,HUDN,0.33843864718281563,797.94,184.0632426568461,0.0,False,True
583,Udenar,Cesmag,0.46132916990641254,611.0532771436668,164.68218562345956,86.21629672184199,False,False
584,Udenar,Mariana,0.06537927122135001,797.9399999999762,35.55717044644186,1.5608801455168194e-12,False,True
584,HUDN,Mariana,0.7684303372878587,797.9399999999762,417.9185232373565,1.8345687161678407e-11,False,True
584,Udenar,UCC,0.0858073477576552,254.08,0.0,46.66718415147835,True,False
584,HUDN,UCC,1.0085301959472415,254.08,0.0,548.4992323678667,True,False
584,Udenar,Cesmag,0.06538004794944513,797.9399999999418,35.557592877781424,3.805619661547542e-12,False,True
584,HUDN,Cesmag,0.7684394665030894,797.9399999999418,417.92348825232546,4.472906389873762e-11,False,True
585,Udenar,Mariana,0.14454172467839857,254.08,0.0,78.61046238359384,True,False
585,HUDN,Mariana,3.122999958075107,254.08,0.0,1698.4747571987277,True,False
585,Udenar,UCC,0.08619770656878172,797.94,46.87948469449763,0.0,False,True
585,HUDN,UCC,1.8624064061755592,797.94,1012.8883480626397,0.0,False,True
585,Udenar,Cesmag,0.20029390208636202,254.08,0.0,108.93184158868885,True,False
585,HUDN,Cesmag,4.327593635749618,254.08,0.0,2353.605074738787,True,False
586,Udenar,UCC,0.3436918118811741,797.94,186.92022880969535,0.0,False,True
586,Mariana,UCC,0.34372051588140623,797.94,186.9358397672616,0.0,False,True
586,HUDN,UCC,0.34372355177152886,797.94,186.9374908664637,0.0,False,True
586,Udenar,Cesmag,2.5564603970961173,254.08,0.0,1390.3565515646944,True,False
586,Mariana,Cesmag,2.556673904186305,254.08,0.0,1390.4726695307638,True,False
586,HUDN,Cesmag,2.5566964858503334,254.08,0.0,1390.4849507945623,True,False
587,Udenar,Cesmag,1.942864687711986,254.08,0.0,1056.6463890590408,True,False
587,Mariana,Cesmag,1.942815655445656,254.08,0.0,1056.6197223706745,True,False
587,UCC,Cesmag,1.9426093390321906,254.08,0.0,1056.507515126047,True,False
587,HUDN,Cesmag,1.9428769844768434,254.08,0.0,1056.6530767775762,True,False
588,Udenar,Cesmag,1.1971547942334677,254.08,0.0,651.0846063918137,True,False
588,Mariana,Cesmag,1.1971548177959668,254.08,0.0,651.0846192065145,True,False
588,UCC,Cesmag,1.1971446159631787,254.08,0.0,651.0790708377343,True,False
588,HUDN,Cesmag,1.1971457720066652,254.08,0.0,651.079699563545,True,False
589,Udenar,Cesmag,1.3789832109317537,304.08,0.0,681.024648550756,True,False
589,Mariana,Cesmag,1.3789808505338734,304.08,0.0,681.0234828446588,True,False
589,UCC,Cesmag,1.3788996171002355,304.08,0.0,680.9833649011224,True,False
589,HUDN,Cesmag,1.3789363214341261,304.08,0.0,681.0014917034576,True,False
590,Udenar,UCC,0.05402761068305865,797.94,26.68207581193535,0.0,False,True
590,Mariana,UCC,0.05402575022162447,797.94,26.681157004451467,0.0,False,True
590,HUDN,UCC,0.05402716523576832,797.94,26.681855823336544,0.0,False,True
590,Udenar,Cesmag,1.2166349111345112,304.08,0.0,600.8473172128897,True,False
590,Mariana,Cesmag,1.216593015846424,304.08,0.0,600.826626805915,True,False
590,HUDN,Cesmag,1.216624880211948,304.08,0.0,600.8423633414727,True,False
591,Mariana,Udenar,0.009840351837501302,560.9134472727717,2.0549945966023504,2.332424673665981,False,False
591,Mariana,UCC,0.009844620099492583,560.4401418022194,2.0512264399192537,2.3380958776405096,False,False
591,Mariana,HUDN,0.009843758095155723,560.5357186419471,2.051987667863171,2.33695031644296,False,False
591,Mariana,Cesmag,0.009844603301191933,560.4420043040863,2.0512412754149754,2.3380735524544605,False,False
607,Udenar,Mariana,0.6197699802298373,254.08,0.0,337.06810144779934,True,False
607,Udenar,UCC,0.6196874476481514,254.08,0.0,337.02321527792367,True,False
607,Udenar,HUDN,0.04558229269538373,797.94,24.790385705311397,0.0,False,True
607,Udenar,Cesmag,0.6197602794266317,254.08,0.0,337.0628255689679,True,False
608,Udenar,Mariana,0.10786127214110983,446.0290805364956,20.703872012982757,37.957559453681235,False,False
608,HUDN,Mariana,0.4872087104712741,446.0290805364956,93.51926400433275,171.4540652725744,False,False
608,Udenar,UCC,0.12858948313224328,254.08,0.0,69.93467629630183,True,False
608,HUDN,UCC,0.5808379134917369,254.08,0.0,315.894507631616,True,False
608,Udenar,Cesmag,0.09798257806032021,797.94,53.28880490388575,0.0,False,True
608,HUDN,Cesmag,0.4425867093699835,797.94,240.70520775795924,0.0,False,True
609,Udenar,Cesmag,1.974650335932217,254.08,0.0,1073.9333317000956,True,False
609,Mariana,Cesmag,1.9746817650735657,254.08,0.0,1073.9504247529094,True,False
609,UCC,Cesmag,1.1271571510785827,254.08,0.0,613.015688185598,True,False
609,HUDN,Cesmag,1.9747107479156065,254.08,0.0,1073.9661873613818,True,False
610,Udenar,Cesmag,1.4855866447412447,254.08,0.0,807.9511526089733,True,False
610,Mariana,Cesmag,1.4855887432512604,254.08,0.0,807.9522939046306,True,False
610,UCC,Cesmag,1.1153078925707605,254.08,0.0,606.5713504535338,True,False
610,HUDN,Cesmag,1.485583386103342,254.08,0.0,807.9493803661636,True,False
611,Udenar,Cesmag,1.3963699892039747,254.08,0.0,759.4297823284737,True,False
611,Mariana,Cesmag,1.3963680691447033,254.08,0.0,759.4287380850384,True,False
611,UCC,Cesmag,1.3963356689986821,254.08,0.0,759.4111169416233,True,False
611,HUDN,Cesmag,1.3963596059859789,254.08,0.0,759.4241353115344,True,False
612,Udenar,Cesmag,0.5454446781865414,254.08,0.0,296.6455426785324,True,False
612,Mariana,Cesmag,0.5454400029856993,254.08,0.0,296.6430000238024,True,False
612,UCC,Cesmag,0.5454385690143448,254.08,0.0,296.6422201441416,True,False
612,HUDN,Cesmag,0.5454434164798277,254.08,0.0,296.6448564867191,True,False
613,Udenar,Cesmag,0.002125009142680462,304.08,0.0,1.0494570152041731,True,False
613,Mariana,Cesmag,0.002124986178819331,304.08,0.0,1.0494456742717149,True,False
613,UCC,Cesmag,0.002124998360091141,304.08,0.0,1.049451690114611,True,False
613,HUDN,Cesmag,0.002125006318410695,304.08,0.0,1.049455620410306,True,False
616,Udenar,Mariana,0.19978652637398658,454.08,0.0,68.69859495895903,True,False
616,HUDN,Mariana,0.17708592901032413,454.08,0.0,60.89276754949007,True,False
616,Cesmag,Mariana,0.07537170570291529,454.08,0.0,25.91731472300446,True,False
616,Udenar,UCC,0.19977695968630504,454.08,0.0,68.69530535773286,True,False
616,HUDN,UCC,0.17707744933046995,454.08,0.0,60.88985172677541,True,False
616,Cesmag,UCC,0.07536809656266501,454.08,0.0,25.916073684037993,True,False
630,Udenar,Mariana,0.10341013986457305,755.0949682478778,38.45460837724806,4.430610725989038,False,False
630,Udenar,UCC,0.10341123393472428,754.6287524375645,38.406803271385726,4.478869553683784,False,False
630,Udenar,HUDN,0.1244821551164872,383.23,0.0,51.62399454835841,True,False
630,Udenar,Cesmag,0.12456313775088713,383.23,0.0,51.657578856670405,True,False
631,Udenar,Cesmag,0.042164039559629565,351.23,0.0,18.835098111682125,True,False
631,Mariana,Cesmag,0.04215099093989556,351.23,0.0,18.82926916276075,True,False
631,UCC,Cesmag,0.042162660600069776,351.23,0.0,18.83448211665717,True,False
631,HUDN,Cesmag,0.04215564223373836,351.23,0.0,18.831346942233264,True,False
639,Udenar,Cesmag,0.04538441408383672,403.23,0.0,17.913682083031194,True,False
639,Mariana,Cesmag,0.04538376825020083,403.23,0.0,17.913427166036772,True,False
639,UCC,Cesmag,0.04538373864193975,403.23,0.0,17.91341547936004,True,False
639,HUDN,Cesmag,0.045381412357364176,403.23,0.0,17.912497271575216,True,False
641,Udenar,Mariana,0.12014243715721638,745.167136759115,41.081160964800475,6.340260405524406,False,False
641,Udenar,UCC,0.14271029967902596,403.23,0.0,56.32918238630834,True,False
641,Udenar,HUDN,0.12014043888328903,746.2893787785749,41.21530432948648,6.205328302136537,False,False
641,Udenar,Cesmag,0.1424068242804697,403.23,0.0,56.209397611744194,True,False
654,Udenar,Mariana,0.06062461465010169,588.4144823340719,11.367386986669905,12.70240376785997,False,False
654,Udenar,UCC,0.06070067278670794,544.9883760388153,8.745654359572388,15.354333756934267,False,False
654,Udenar,HUDN,0.06061982621346657,591.2303850785556,11.537188668342077,12.530700933190557,False,False
654,Udenar,Cesmag,0.06065488634973637,570.7603801806339,10.302255506315861,13.77955402111997,False,False
655,Udenar,Cesmag,0.13444192163199126,400.91,0.0,53.377476145549494,True,False
655,Mariana,Cesmag,0.13443065567782259,400.91,0.0,53.373003223765906,True,False
655,UCC,Cesmag,0.13443722602284827,400.91,0.0,53.37561184785145,True,False
655,HUDN,Cesmag,0.13425686333641915,400.91,0.0,53.3040024504585,True,False
656,Udenar,Cesmag,0.10999431806855127,400.91,0.0,43.671044102756916,True,False
656,Mariana,Cesmag,0.10999324004334368,400.91,0.0,43.67061609440874,True,False
656,UCC,Cesmag,0.10999407501951375,400.91,0.0,43.670947604997544,True,False
656,HUDN,Cesmag,0.10998503353525899,400.91,0.0,43.66735786450388,True,False
657,Udenar,Cesmag,0.07306752304586768,400.91000000000025,1.6613631270471997e-14,29.00999867490083,True,False
657,Mariana,Cesmag,0.07306687114769751,400.91000000000025,1.661348304598903e-14,29.00973985177033,True,False
657,UCC,Cesmag,0.07306738157830477,400.91000000000025,1.661359910447226e-14,29.009942508034328,True,False
657,HUDN,Cesmag,0.07306489089479415,400.91000000000025,1.6613032788608086e-14,29.008953631960107,True,False
659,Udenar,Cesmag,0.08228422882653716,400.91000000000014,9.35463376965085e-15,32.669307371000045,True,False
659,Mariana,Cesmag,0.08228347636728023,400.91000000000014,9.354548224937415e-15,32.66900862210126,True,False
659,UCC,Cesmag,0.082283737565718,400.91000000000014,9.354577919761823e-15,32.66911232571701,True,False
659,HUDN,Cesmag,0.08228189057379966,400.91000000000014,9.35436794109133e-15,32.66837901451567,True,False
660,Udenar,Cesmag,0.02845017666703375,400.9100000099914,2.842561771538227e-10,11.295573641828154,True,False
660,Mariana,Cesmag,0.028450050348211412,400.9100000099914,2.8425491505601714e-10,11.295523489466122,True,False
660,UCC,Cesmag,0.028450140549098515,400.9100000099914,2.8425581628625e-10,11.295559301924328,True,False
660,HUDN,Cesmag,0.02844963243565635,400.9100000099914,2.8425073953799917e-10,11.295357565644391,True,False
661,Udenar,Cesmag,0.028700227400568844,501.91000000009916,2.8451948188940188e-12,8.49612831738755,True,False
661,Mariana,Cesmag,0.028699789218343433,501.91000000009916,2.8451513797330647e-12,8.495998602303363,True,False
661,UCC,Cesmag,0.028700190759025763,501.91000000009916,2.8451911864374855e-12,8.496117470391551,True,False
661,HUDN,Cesmag,0.028699792622062327,501.91000000009916,2.8451517171604733e-12,8.495999609906267,True,False
664,Udenar,Cesmag,0.02270074276223598,501.9100053686415,1.2187214957896947e-07,6.720100758032568,False,False
664,Mariana,Cesmag,0.022699474107797317,501.9100053686415,1.2186533862810624e-07,6.719725198265902,False,False
664,UCC,Cesmag,0.02270047649507079,501.9100053686415,1.2187072008601748e-07,6.720021934965087,False,False
664,HUDN,Cesmag,0.022699306634896558,501.9100053686415,1.2186443952614178e-07,6.719675621263989,False,False
665,Udenar,Mariana,0.018450286875726325,757.8032535282636,2.2015482585414854,0.7405344866618349,False,False
665,Udenar,UCC,0.018449620497693962,757.8256164604452,2.201881331758551,0.7400951528037287,False,False
665,Udenar,HUDN,0.01845034312669132,757.8013654307312,2.2015201345423137,0.7405715804398851,False,False
665,Udenar,Cesmag,0.018449749499888358,757.8212879255009,2.201816867219542,0.7401801880326561,False,False
680,Udenar,UCC,0.04346971652945556,405.6088144363535,0.2399012991269547,17.054525422116942,False,False
680,Mariana,UCC,0.04346161664795228,405.6088144363535,0.23985659738398163,17.051347586003835,False,False
680,HUDN,UCC,0.04346875937062411,405.6088144363535,0.23989601674497782,17.05414989885783,False,False
680,Udenar,Cesmag,0.18239041411673104,400.09,0.0,72.56402625634146,True,False
680,Mariana,Cesmag,0.1823564286022619,400.09,0.0,72.5505051194099,True,False
680,HUDN,Cesmag,0.18238639806634444,400.09,0.0,72.56242847069515,True,False
681,Udenar,Cesmag,0.48646403327482113,400.09,0.0,193.53971563838763,True,False
681,Mariana,Cesmag,0.4864572409476323,400.09,0.0,193.53701331101556,True,False
681,UCC,Cesmag,0.48645079573447214,400.09,0.0,193.53444908295978,True,False
681,HUDN,Cesmag,0.4864612633764057,400.09,0.0,193.53861363430306,True,False
682,Udenar,Cesmag,0.7631268623192684,400.09,0.0,303.610022173721,True,False
682,Mariana,Cesmag,0.7631292048432072,400.09,0.0,303.6109541468701,True,False
682,UCC,Cesmag,0.7630790367783468,400.09,0.0,303.59099478226534,True,False
682,HUDN,Cesmag,0.76313156272586,400.09,0.0,303.6118922304835,True,False
683,Udenar,Cesmag,0.7622243034948538,400.09,0.0,303.25093914542765,True,False
683,Mariana,Cesmag,0.7622227824231738,400.09,0.0,303.2503339870597,True,False
683,UCC,Cesmag,0.7621620248307186,400.09,0.0,303.22616157890144,True,False
683,HUDN,Cesmag,0.762224222584607,400.09,0.0,303.2509069552859,True,False
684,Udenar,Cesmag,0.5214598373344995,401.09,0.0,206.94133644619617,True,False
684,Mariana,Cesmag,0.5214608577495692,401.09,0.0,206.94174139791656,True,False
684,UCC,Cesmag,0.521454700464474,401.09,0.0,206.93929787932652,True,False
684,HUDN,Cesmag,0.5214579377847371,401.09,0.0,206.940582609873,True,False
688,HUDN,Udenar,0.04340275328388042,601.09,0.0,8.543831983931861,True,False
688,HUDN,Mariana,0.0434233819062983,601.09,0.0,8.547892728254821,True,False
688,HUDN,UCC,0.04342329759902183,601.09,0.0,8.547876132367449,True,False
688,HUDN,Cesmag,0.043417233877466446,601.09,0.0,8.54668248877927,True,False
703,Udenar,Mariana,0.0777169539291322,797.94,44.69657454372252,0.0,False,True
703,Udenar,UCC,0.07771851103083231,797.94,44.69747006405229,0.0,False,True
703,Udenar,HUDN,0.10205005710705553,252.6863614505253,3.0478638916060707,55.64316495180371,False,False
703,Udenar,Cesmag,0.10204781126636181,253.31308187597224,3.1117522642089344,55.577984951301076,False,False
704,HUDN,Udenar,0.005903335364822729,797.3906584969857,3.391883287894739,0.0032429471221096327,False,False
704,Cesmag,Udenar,0.02259146472280004,797.3906584969857,12.980392762190643,0.012410429186119207,False,False
704,HUDN,Mariana,0.18843068746150565,223.40665981575066,0.11054471238793794,108.2597122604732,False,False
704,Cesmag,Mariana,0.7211052418626366,223.40665981575066,0.4230434683279727,414.2990032317116,False,False
704,HUDN,UCC,0.18843019583707588,223.40665308606359,0.11054315589538755,108.25943107392371,False,False
704,Cesmag,UCC,0.7211033604655057,223.40665308606359,0.42303751178791565,414.2979271591338,False,False
707,Udenar,UCC,0.12904893646083962,222.82,0.0,74.2186243373581,True,False
707,Mariana,UCC,0.12904433535306967,222.82,0.0,74.21597814825745,True,False
707,HUDN,UCC,0.1290491750070111,222.82,0.0,74.21876153003224,True,False
707,Cesmag,UCC,0.13009088651244996,222.82,0.0,74.81787065104024,True,False
708,Udenar,UCC,0.21424963445871736,222.82,0.0,123.21924976989756,True,False
708,Mariana,UCC,0.21422739593258897,222.82,0.0,123.20645994875059,True,False
708,HUDN,UCC,0.21424363692800397,222.82,0.0,123.21580047003367,True,False
708,Cesmag,UCC,0.21597933268069505,222.82,0.0,124.21403381132136,True,False
710,Udenar,UCC,0.6928689799857736,222.82,0.0,398.4828077694182,True,False
710,Mariana,UCC,0.5889078594326999,222.82,0.0,338.6926881169344,True,False
710,HUDN,UCC,0.692820611043512,222.82,0.0,398.4549898233447,True,False
710,Cesmag,UCC,0.6984692162047135,222.82,0.0,401.7036156236549,True,False
711,HUDN,Udenar,0.014947639122381713,489.6600031833254,3.540198897328084,4.608058141064636,False,False
711,Cesmag,Udenar,0.029309393990011638,489.6600031833254,6.941636965895695,9.035499885939451,False,False
711,HUDN,Mariana,0.014937156125738663,497.72986366331867,3.658256870272361,4.484285676990299,False,False
711,Cesmag,Mariana,0.029288838887788354,497.72986366331867,7.173125538865152,8.792806315646038,False,False
711,HUDN,UCC,0.014936149918190334,498.5072354175787,3.6696213811826777,4.472372662221238,False,False
711,Cesmag,UCC,0.029286865911931918,498.5072354175787,7.195409119947879,8.76944722596445,False,False
712,Cesmag,Udenar,0.2647992910527919,402.82,0.0,104.62749588077914,True,False
712,Cesmag,Mariana,0.22325738269937087,750.1323432233048,77.54004472722062,10.673412324954821,False,False
712,Cesmag,UCC,0.22326432869538868,742.6080921312947,75.8625602883804,12.353641265741594,False,False
712,Cesmag,HUDN,0.26534566421912614,402.82,0.0,104.84337884626113,True,False
