frontera,muestras,horas,muestras_en_horas,horas_mayoria,horas_quedan_lt23,horas_quedan_0,horas_incompletas,horas_completas,horas_adyacentes_vacia,energia_kWh,delta_kWh_quitar_muestras,inst,medidor,med,bandera
M1,0,0,0,0,0,0,0,0,0,0.0,0.0,Udenar,Bloque Sur - Medidor 1 - electricMeter,Udenar 1,V_ntc_-10+5
M1,0,0,0,0,0,0,0,0,0,0.0,0.0,Udenar,Bloque Sur - Medidor 1 - electricMeter,Udenar 1,V_pm10
M1,0,0,0,0,0,0,0,0,0,0.0,0.0,Udenar,Bloque Sur - Medidor 1 - electricMeter,Udenar 1,V_pm8
M1,0,0,0,0,0,0,0,0,0,0.0,0.0,Udenar,Bloque Sur - Medidor 1 - electricMeter,Udenar 1,V_pm15
M1,0,0,0,0,0,0,0,0,0,0.0,0.0,Udenar,Bloque Sur - Medidor 1 - electricMeter,Udenar 1,V_pm20
M1,0,0,0,0,0,0,0,0,0,0.0,0.0,Udenar,Bloque Sur - Medidor 1 - electricMeter,Udenar 1,V_pm50
M1,4,2,60,0,0,0,0,2,0,10.028500000000001,0.048360791826309146,Udenar,Bloque Sur - Medidor 1 - electricMeter,Udenar 1,f_59.8-60.2
M1,43,36,1080,0,0,0,0,36,0,36.42269999999999,-0.6753988669950722,Udenar,Bloque Sur - Medidor 1 - electricMeter,Udenar 1,f_59.9-60.1
M1,0,0,0,0,0,0,0,0,0,0.0,0.0,Udenar,Bloque Sur - Medidor 1 - electricMeter,Udenar 1,f_59.7-60.3
M1,0,0,0,0,0,0,0,0,0,0.0,0.0,Udenar,Bloque Sur - Medidor 1 - electricMeter,Udenar 1,f_59.5-60.5
M1,0,0,0,0,0,0,0,0,0,0.0,0.0,Udenar,Bloque Sur - Medidor 1 - electricMeter,Udenar 1,f_59-61
M1,1,1,30,0,0,0,0,1,0,3.1136666666666666,0.014781609195402279,Udenar,Bloque Sur - Medidor 1 - electricMeter,Udenar 1,S_1.5q
M1,1,1,30,0,0,0,0,1,0,3.1136666666666666,0.014781609195402279,Udenar,Bloque Sur - Medidor 1 - electricMeter,Udenar 1,S_2q
M1,0,0,0,0,0,0,0,0,0,0.0,0.0,Udenar,Bloque Sur - Medidor 1 - electricMeter,Udenar 1,S_3q
M1,0,0,0,0,0,0,0,0,0,0.0,0.0,Udenar,Bloque Sur - Medidor 1 - electricMeter,Udenar 1,S_4q
M1,0,0,0,0,0,0,0,0,0,0.0,0.0,Udenar,Bloque Sur - Medidor 1 - electricMeter,Udenar 1,S_5q
M1,0,0,0,0,0,0,0,0,0,0.0,0.0,Udenar,Bloque Sur - Medidor 1 - electricMeter,Udenar 1,S_8q
M1,0,0,0,0,0,0,0,0,0,0.0,0.0,Udenar,Bloque Sur - Medidor 1 - electricMeter,Udenar 1,S_10q
M1,1,1,30,0,0,0,0,1,0,3.1136666666666666,0.014781609195402279,Udenar,Bloque Sur - Medidor 1 - electricMeter,Udenar 1,S_2q_o_2pct
M1,1,1,30,0,0,0,0,1,0,3.1136666666666666,0.014781609195402279,Udenar,Bloque Sur - Medidor 1 - electricMeter,Udenar 1,S_2q_o_5pct
M1,0,0,0,0,0,0,0,0,0,0.0,0.0,Udenar,Bloque Sur - Medidor 1 - electricMeter,Udenar 1,S_3q_o_2pct
M1,0,0,0,0,0,0,0,0,0,0.0,0.0,Udenar,Bloque Sur - Medidor 1 - electricMeter,Udenar 1,S_3q_o_5pct
M1,0,0,0,0,0,0,0,0,0,0.0,0.0,Udenar,Bloque Sur - Medidor 1 - electricMeter,Udenar 1,S_3q_o_10pct
M1,4,2,60,0,0,0,0,2,0,10.028500000000001,0.048360791826309146,Udenar,Bloque Sur - Medidor 1 - electricMeter,Udenar 1,G_final_V10_f0.2_S3q
M1,4,2,60,0,0,0,0,2,0,10.028500000000001,0.048360791826309146,Udenar,Bloque Sur - Medidor 1 - electricMeter,Udenar 1,G_final_V10_f0.2_S5q
M1,0,0,0,0,0,0,0,0,0,0.0,0.0,Udenar,Bloque Sur - Medidor 1 - electricMeter,Udenar 1,G_solo_S3q_V10
M1,415,47,1356,14,17,5,4,43,2,269.93382745098046,-4.680999638830852,Mariana,Medidor 1 - Alvernia - electricMeter,Marian 1,V_ntc_-10+5
M1,99,6,126,5,5,4,4,2,2,6.342460784313727,3.3475392156862736,Mariana,Medidor 1 - Alvernia - electricMeter,Marian 1,V_pm10
M1,99,6,126,5,5,4,4,2,2,6.342460784313727,3.3475392156862736,Mariana,Medidor 1 - Alvernia - electricMeter,Marian 1,V_pm8
M1,99,6,126,5,5,4,4,2,2,6.342460784313727,3.3475392156862736,Mariana,Medidor 1 - Alvernia - electricMeter,Marian 1,V_pm15
M1,99,6,126,5,5,4,4,2,2,6.342460784313727,3.3475392156862736,Mariana,Medidor 1 - Alvernia - electricMeter,Marian 1,V_pm20
M1,99,6,126,5,5,4,4,2,2,6.342460784313727,3.3475392156862736,Mariana,Medidor 1 - Alvernia - electricMeter,Marian 1,V_pm50
M1,4,3,90,0,0,0,0,3,0,23.05313333333333,-0.08680574712643452,Mariana,Medidor 1 - Alvernia - electricMeter,Marian 1,f_59.8-60.2
M1,43,36,1080,0,0,0,0,36,0,263.6820666666666,0.9530322003284064,Mariana,Medidor 1 - Alvernia - electricMeter,Marian 1,f_59.9-60.1
M1,0,0,0,0,0,0,0,0,0,0.0,0.0,Mariana,Medidor 1 - Alvernia - electricMeter,Marian 1,f_59.7-60.3
M1,0,0,0,0,0,0,0,0,0,0.0,0.0,Mariana,Medidor 1 - Alvernia - electricMeter,Marian 1,f_59.5-60.5
M1,0,0,0,0,0,0,0,0,0,0.0,0.0,Mariana,Medidor 1 - Alvernia - electricMeter,Marian 1,f_59-61
M1,172,167,5008,0,0,0,2,165,0,1287.680140229885,0.48413686371101305,Mariana,Medidor 1 - Alvernia - electricMeter,Marian 1,S_1.5q
M1,31,31,930,0,0,0,0,31,0,244.48283333333336,0.07933908045977023,Mariana,Medidor 1 - Alvernia - electricMeter,Marian 1,S_2q
M1,10,10,300,0,0,0,0,10,0,68.9754,0.035082758620691434,Mariana,Medidor 1 - Alvernia - electricMeter,Marian 1,S_3q
M1,6,6,180,0,0,0,0,6,0,40.58873333333334,-0.17649195402298923,Mariana,Medidor 1 - Alvernia - electricMeter,Marian 1,S_4q
M1,5,5,150,0,0,0,0,5,0,34.14993333333334,-0.22382988505747226,Mariana,Medidor 1 - Alvernia - electricMeter,Marian 1,S_5q
M1,2,2,60,0,0,0,0,2,0,9.5393,-0.11657586206896675,Mariana,Medidor 1 - Alvernia - electricMeter,Marian 1,S_8q
M1,0,0,0,0,0,0,0,0,0,0.0,0.0,Mariana,Medidor 1 - Alvernia - electricMeter,Marian 1,S_10q
M1,31,31,930,0,0,0,0,31,0,244.48283333333336,0.07933908045977023,Mariana,Medidor 1 - Alvernia - electricMeter,Marian 1,S_2q_o_2pct
M1,21,21,630,0,0,0,0,21,0,137.21429999999998,-0.089472413793102,Mariana,Medidor 1 - Alvernia - electricMeter,Marian 1,S_2q_o_5pct
M1,10,10,300,0,0,0,0,10,0,68.9754,0.035082758620691434,Mariana,Medidor 1 - Alvernia - electricMeter,Marian 1,S_3q_o_2pct
M1,10,10,300,0,0,0,0,10,0,68.9754,0.035082758620691434,Mariana,Medidor 1 - Alvernia - electricMeter,Marian 1,S_3q_o_5pct
M1,8,8,240,0,0,0,0,8,0,51.930366666666664,0.050254022988506675,Mariana,Medidor 1 - Alvernia - electricMeter,Marian 1,S_3q_o_10pct
M1,113,19,516,5,5,4,4,15,2,98.37099411764706,3.2958162271805307,Mariana,Medidor 1 - Alvernia - electricMeter,Marian 1,G_final_V10_f0.2_S3q
M1,108,14,366,5,5,4,4,10,2,63.54552745098039,3.0369035835023674,Mariana,Medidor 1 - Alvernia - electricMeter,Marian 1,G_final_V10_f0.2_S5q
M1,109,16,426,5,5,4,4,12,2,75.31786078431372,3.3826219743069657,Mariana,Medidor 1 - Alvernia - electricMeter,Marian 1,G_solo_S3q_V10
M1,93,22,659,0,5,0,1,21,0,396.4953896551724,-0.38511001211713225,UCC,Medidor 1 - UCC - electricMeter,UCC 1,V_ntc_-10+5
M1,0,0,0,0,0,0,0,0,0,0.0,0.0,UCC,Medidor 1 - UCC - electricMeter,UCC 1,V_pm10
M1,0,0,0,0,0,0,0,0,0,0.0,0.0,UCC,Medidor 1 - UCC - electricMeter,UCC 1,V_pm8
M1,0,0,0,0,0,0,0,0,0,0.0,0.0,UCC,Medidor 1 - UCC - electricMeter,UCC 1,V_pm15
M1,0,0,0,0,0,0,0,0,0,0.0,0.0,UCC,Medidor 1 - UCC - electricMeter,UCC 1,V_pm20
M1,0,0,0,0,0,0,0,0,0,0.0,0.0,UCC,Medidor 1 - UCC - electricMeter,UCC 1,V_pm50
M1,5,3,90,0,0,0,0,3,0,25.498800000000003,-0.027140996168581566,UCC,Medidor 1 - UCC - electricMeter,UCC 1,f_59.8-60.2
M1,46,39,1166,0,0,0,1,38,0,792.7847282051284,-0.6434037223695863,UCC,Medidor 1 - UCC - electricMeter,UCC 1,f_59.9-60.1
M1,0,0,0,0,0,0,0,0,0,0.0,0.0,UCC,Medidor 1 - UCC - electricMeter,UCC 1,f_59.7-60.3
M1,0,0,0,0,0,0,0,0,0,0.0,0.0,UCC,Medidor 1 - UCC - electricMeter,UCC 1,f_59.5-60.5
M1,0,0,0,0,0,0,0,0,0,0.0,0.0,UCC,Medidor 1 - UCC - electricMeter,UCC 1,f_59-61
M1,3,3,90,0,0,0,0,3,0,91.26086666666666,-0.2693839080459792,UCC,Medidor 1 - UCC - electricMeter,UCC 1,S_1.5q
M1,2,2,60,0,0,0,0,2,0,58.8334,-0.10253793103448139,UCC,Medidor 1 - UCC - electricMeter,UCC 1,S_2q
M1,2,2,60,0,0,0,0,2,0,58.8334,-0.10253793103448139,UCC,Medidor 1 - UCC - electricMeter,UCC 1,S_3q
M1,1,1,30,0,0,0,0,1,0,52.3017,-0.20780344827586106,UCC,Medidor 1 - UCC - electricMeter,UCC 1,S_4q
M1,1,1,30,0,0,0,0,1,0,52.3017,-0.20780344827586106,UCC,Medidor 1 - UCC - electricMeter,UCC 1,S_5q
M1,1,1,30,0,0,0,0,1,0,52.3017,-0.20780344827586106,UCC,Medidor 1 - UCC - electricMeter,UCC 1,S_8q
M1,0,0,0,0,0,0,0,0,0,0.0,0.0,UCC,Medidor 1 - UCC - electricMeter,UCC 1,S_10q
M1,2,2,60,0,0,0,0,2,0,58.8334,-0.10253793103448139,UCC,Medidor 1 - UCC - electricMeter,UCC 1,S_2q_o_2pct
M1,1,1,30,0,0,0,0,1,0,6.5317,0.10526551724137967,UCC,Medidor 1 - UCC - electricMeter,UCC 1,S_2q_o_5pct
M1,2,2,60,0,0,0,0,2,0,58.8334,-0.10253793103448139,UCC,Medidor 1 - UCC - electricMeter,UCC 1,S_3q_o_2pct
M1,1,1,30,0,0,0,0,1,0,6.5317,0.10526551724137967,UCC,Medidor 1 - UCC - electricMeter,UCC 1,S_3q_o_5pct
M1,1,1,30,0,0,0,0,1,0,6.5317,0.10526551724137967,UCC,Medidor 1 - UCC - electricMeter,UCC 1,S_3q_o_10pct
M1,7,5,150,0,0,0,0,5,0,84.3322,-0.12967892720306295,UCC,Medidor 1 - UCC - electricMeter,UCC 1,G_final_V10_f0.2_S3q
M1,6,4,120,0,0,0,0,4,0,77.8005,-0.23494444444444262,UCC,Medidor 1 - UCC - electricMeter,UCC 1,G_final_V10_f0.2_S5q
M1,2,2,60,0,0,0,0,2,0,58.8334,-0.10253793103448139,UCC,Medidor 1 - UCC - electricMeter,UCC 1,G_solo_S3q_V10
M1,15764,1041,31167,510,678,156,18,1023,4,9055.974472942626,-1253.4806708421042,HUDN,Medidor 1 - HUDN - electricMeter,HUDN 1,V_ntc_-10+5
M1,0,0,0,0,0,0,0,0,0,0.0,0.0,HUDN,Medidor 1 - HUDN - electricMeter,HUDN 1,V_pm10
M1,0,0,0,0,0,0,0,0,0,0.0,0.0,HUDN,Medidor 1 - HUDN - electricMeter,HUDN 1,V_pm8
M1,0,0,0,0,0,0,0,0,0,0.0,0.0,HUDN,Medidor 1 - HUDN - electricMeter,HUDN 1,V_pm15
M1,0,0,0,0,0,0,0,0,0,0.0,0.0,HUDN,Medidor 1 - HUDN - electricMeter,HUDN 1,V_pm20
M1,0,0,0,0,0,0,0,0,0,0.0,0.0,HUDN,Medidor 1 - HUDN - electricMeter,HUDN 1,V_pm50
M1,4,2,60,0,0,0,0,2,0,18.423133333333332,-0.07405925925925949,HUDN,Medidor 1 - HUDN - electricMeter,HUDN 1,f_59.8-60.2
M1,68,62,1859,0,0,0,1,61,0,568.4109126436782,-0.23631737274220033,HUDN,Medidor 1 - HUDN - electricMeter,HUDN 1,f_59.9-60.1
M1,1,1,30,0,0,0,0,1,0,8.883633333333334,-0.01746091954023221,HUDN,Medidor 1 - HUDN - electricMeter,HUDN 1,f_59.7-60.3
M1,0,0,0,0,0,0,0,0,0,0.0,0.0,HUDN,Medidor 1 - HUDN - electricMeter,HUDN 1,f_59.5-60.5
M1,0,0,0,0,0,0,0,0,0,0.0,0.0,HUDN,Medidor 1 - HUDN - electricMeter,HUDN 1,f_59-61
M1,31,31,927,0,0,0,3,28,0,276.334683908046,-0.4034178981937506,HUDN,Medidor 1 - HUDN - electricMeter,HUDN 1,S_1.5q
M1,27,27,807,0,0,0,3,24,0,240.08118390804603,-0.39595238095237395,HUDN,Medidor 1 - HUDN - electricMeter,HUDN 1,S_2q
M1,24,24,717,0,0,0,3,21,0,210.47228390804597,-0.3358799671592694,HUDN,Medidor 1 - HUDN - electricMeter,HUDN 1,S_3q
M1,17,17,507,0,0,0,3,14,0,150.63575057471266,-0.2182087027914541,HUDN,Medidor 1 - HUDN - electricMeter,HUDN 1,S_4q
M1,11,11,328,0,0,0,2,9,0,96.19222758620691,-0.09803177339900948,HUDN,Medidor 1 - HUDN - electricMeter,HUDN 1,S_5q
M1,7,7,208,0,0,0,2,5,0,64.83176091954023,-0.0658064860426899,HUDN,Medidor 1 - HUDN - electricMeter,HUDN 1,S_8q
M1,3,3,89,0,0,0,1,2,0,26.743824137931036,-0.03493374384236425,HUDN,Medidor 1 - HUDN - electricMeter,HUDN 1,S_10q
M1,27,27,807,0,0,0,3,24,0,240.08118390804603,-0.39595238095237395,HUDN,Medidor 1 - HUDN - electricMeter,HUDN 1,S_2q_o_2pct
M1,15,15,447,0,0,0,3,12,0,130.6756172413793,-0.14928226600984473,HUDN,Medidor 1 - HUDN - electricMeter,HUDN 1,S_2q_o_5pct
M1,24,24,717,0,0,0,3,21,0,210.47228390804597,-0.3358799671592694,HUDN,Medidor 1 - HUDN - electricMeter,HUDN 1,S_3q_o_2pct
M1,15,15,447,0,0,0,3,12,0,130.6756172413793,-0.14928226600984473,HUDN,Medidor 1 - HUDN - electricMeter,HUDN 1,S_3q_o_5pct
M1,5,5,148,0,0,0,2,3,0,43.67229425287356,-0.007270853858783788,HUDN,Medidor 1 - HUDN - electricMeter,HUDN 1,S_3q_o_10pct
M1,28,26,777,0,0,0,3,23,0,228.89541724137933,-0.40993922641852887,HUDN,Medidor 1 - HUDN - electricMeter,HUDN 1,G_final_V10_f0.2_S3q
M1,15,13,388,0,0,0,2,11,0,114.61536091954025,-0.17209103265826897,HUDN,Medidor 1 - HUDN - electricMeter,HUDN 1,G_final_V10_f0.2_S5q
M1,24,24,717,0,0,0,3,21,0,210.47228390804597,-0.3358799671592694,HUDN,Medidor 1 - HUDN - electricMeter,HUDN 1,G_solo_S3q_V10
M1,358,42,1244,9,14,6,2,40,0,146.45989425287357,-15.115011300726561,Cesmag,Medidor 1 - Cesmag - electricMeter,Cesmag 1,V_ntc_-10+5
M1,15,1,15,1,1,1,1,0,0,0.195,-0.195,Cesmag,Medidor 1 - Cesmag - electricMeter,Cesmag 1,V_pm10
M1,15,1,15,1,1,1,1,0,0,0.195,-0.195,Cesmag,Medidor 1 - Cesmag - electricMeter,Cesmag 1,V_pm8
M1,15,1,15,1,1,1,1,0,0,0.195,-0.195,Cesmag,Medidor 1 - Cesmag - electricMeter,Cesmag 1,V_pm15
M1,15,1,15,1,1,1,1,0,0,0.195,-0.195,Cesmag,Medidor 1 - Cesmag - electricMeter,Cesmag 1,V_pm20
M1,14,1,15,1,1,0,1,0,0,0.195,0.0,Cesmag,Medidor 1 - Cesmag - electricMeter,Cesmag 1,V_pm50
M1,103,7,195,4,5,0,4,3,0,44.2762348003848,3.198703796106428,Cesmag,Medidor 1 - Cesmag - electricMeter,Cesmag 1,f_59.8-60.2
M1,226,53,1525,6,10,4,10,43,1,260.4092555940356,-29.02844129459403,Cesmag,Medidor 1 - Cesmag - electricMeter,Cesmag 1,f_59.9-60.1
M1,0,0,0,0,0,0,0,0,0,0.0,0.0,Cesmag,Medidor 1 - Cesmag - electricMeter,Cesmag 1,f_59.7-60.3
M1,0,0,0,0,0,0,0,0,0,0.0,0.0,Cesmag,Medidor 1 - Cesmag - electricMeter,Cesmag 1,f_59.5-60.5
M1,0,0,0,0,0,0,0,0,0,0.0,0.0,Cesmag,Medidor 1 - Cesmag - electricMeter,Cesmag 1,f_59-61
M1,38,35,1042,0,1,0,1,34,0,331.8723969696969,-0.3218727496641218,Cesmag,Medidor 1 - Cesmag - electricMeter,Cesmag 1,S_1.5q
M1,8,8,240,0,0,0,0,8,0,93.16763333333333,-0.200840229885058,Cesmag,Medidor 1 - Cesmag - electricMeter,Cesmag 1,S_2q
M1,1,1,30,0,0,0,0,1,0,10.571666666666665,-0.026080459770113862,Cesmag,Medidor 1 - Cesmag - electricMeter,Cesmag 1,S_3q
M1,1,1,30,0,0,0,0,1,0,10.571666666666665,-0.026080459770113862,Cesmag,Medidor 1 - Cesmag - electricMeter,Cesmag 1,S_4q
M1,0,0,0,0,0,0,0,0,0,0.0,0.0,Cesmag,Medidor 1 - Cesmag - electricMeter,Cesmag 1,S_5q
M1,0,0,0,0,0,0,0,0,0,0.0,0.0,Cesmag,Medidor 1 - Cesmag - electricMeter,Cesmag 1,S_8q
M1,0,0,0,0,0,0,0,0,0,0.0,0.0,Cesmag,Medidor 1 - Cesmag - electricMeter,Cesmag 1,S_10q
M1,8,8,240,0,0,0,0,8,0,93.16763333333333,-0.200840229885058,Cesmag,Medidor 1 - Cesmag - electricMeter,Cesmag 1,S_2q_o_2pct
M1,8,8,240,0,0,0,0,8,0,93.16763333333333,-0.200840229885058,Cesmag,Medidor 1 - Cesmag - electricMeter,Cesmag 1,S_2q_o_5pct
M1,1,1,30,0,0,0,0,1,0,10.571666666666665,-0.026080459770113862,Cesmag,Medidor 1 - Cesmag - electricMeter,Cesmag 1,S_3q_o_2pct
M1,1,1,30,0,0,0,0,1,0,10.571666666666665,-0.026080459770113862,Cesmag,Medidor 1 - Cesmag - electricMeter,Cesmag 1,S_3q_o_5pct
M1,1,1,30,0,0,0,0,1,0,10.571666666666665,-0.026080459770113862,Cesmag,Medidor 1 - Cesmag - electricMeter,Cesmag 1,S_3q_o_10pct
M1,119,9,240,5,6,1,5,4,0,55.04290146705146,2.9776233363363143,Cesmag,Medidor 1 - Cesmag - electricMeter,Cesmag 1,G_final_V10_f0.2_S3q
M1,118,8,210,5,6,1,5,3,0,44.47123480038479,3.003703796106428,Cesmag,Medidor 1 - Cesmag - electricMeter,Cesmag 1,G_final_V10_f0.2_S5q
M1,16,2,45,1,1,1,1,1,0,10.766666666666666,-0.22108045977011387,Cesmag,Medidor 1 - Cesmag - electricMeter,Cesmag 1,G_solo_S3q_V10
M3,7,3,90,0,0,0,0,3,0,1.9996666666666667,-0.00045977011494258146,Udenar,Bloque Sur - Medidor 3 - electricMeter,Udenar 3,V_ntc_-10+5
M3,7,3,90,0,0,0,0,3,0,1.9996666666666667,-0.00045977011494258146,Udenar,Bloque Sur - Medidor 3 - electricMeter,Udenar 3,V_pm10
M3,15,4,120,0,0,0,0,4,0,2.6639999999999997,-0.0017113665389526522,Udenar,Bloque Sur - Medidor 3 - electricMeter,Udenar 3,V_pm8
M3,0,0,0,0,0,0,0,0,0,0.0,0.0,Udenar,Bloque Sur - Medidor 3 - electricMeter,Udenar 3,V_pm15
M3,0,0,0,0,0,0,0,0,0,0.0,0.0,Udenar,Bloque Sur - Medidor 3 - electricMeter,Udenar 3,V_pm20
M3,0,0,0,0,0,0,0,0,0,0.0,0.0,Udenar,Bloque Sur - Medidor 3 - electricMeter,Udenar 3,V_pm50
M3,4,2,60,0,0,0,0,2,0,0.8137666666666667,0.0064619412515963814,Udenar,Bloque Sur - Medidor 3 - electricMeter,Udenar 3,f_59.8-60.2
M3,43,36,1079,0,0,0,1,35,0,40.99712413793104,-0.07486093596059112,Udenar,Bloque Sur - Medidor 3 - electricMeter,Udenar 3,f_59.9-60.1
M3,0,0,0,0,0,0,0,0,0,0.0,0.0,Udenar,Bloque Sur - Medidor 3 - electricMeter,Udenar 3,f_59.7-60.3
M3,0,0,0,0,0,0,0,0,0,0.0,0.0,Udenar,Bloque Sur - Medidor 3 - electricMeter,Udenar 3,f_59.5-60.5
M3,0,0,0,0,0,0,0,0,0,0.0,0.0,Udenar,Bloque Sur - Medidor 3 - electricMeter,Udenar 3,f_59-61
M3,1,1,30,0,0,0,0,1,0,0.341,-0.0010689655172413937,Udenar,Bloque Sur - Medidor 3 - electricMeter,Udenar 3,S_1.5q
M3,0,0,0,0,0,0,0,0,0,0.0,0.0,Udenar,Bloque Sur - Medidor 3 - electricMeter,Udenar 3,S_2q
M3,0,0,0,0,0,0,0,0,0,0.0,0.0,Udenar,Bloque Sur - Medidor 3 - electricMeter,Udenar 3,S_3q
M3,0,0,0,0,0,0,0,0,0,0.0,0.0,Udenar,Bloque Sur - Medidor 3 - electricMeter,Udenar 3,S_4q
M3,0,0,0,0,0,0,0,0,0,0.0,0.0,Udenar,Bloque Sur - Medidor 3 - electricMeter,Udenar 3,S_5q
M3,0,0,0,0,0,0,0,0,0,0.0,0.0,Udenar,Bloque Sur - Medidor 3 - electricMeter,Udenar 3,S_8q
M3,0,0,0,0,0,0,0,0,0,0.0,0.0,Udenar,Bloque Sur - Medidor 3 - electricMeter,Udenar 3,S_10q
M3,0,0,0,0,0,0,0,0,0,0.0,0.0,Udenar,Bloque Sur - Medidor 3 - electricMeter,Udenar 3,S_2q_o_2pct
M3,0,0,0,0,0,0,0,0,0,0.0,0.0,Udenar,Bloque Sur - Medidor 3 - electricMeter,Udenar 3,S_2q_o_5pct
M3,0,0,0,0,0,0,0,0,0,0.0,0.0,Udenar,Bloque Sur - Medidor 3 - electricMeter,Udenar 3,S_3q_o_2pct
M3,0,0,0,0,0,0,0,0,0,0.0,0.0,Udenar,Bloque Sur - Medidor 3 - electricMeter,Udenar 3,S_3q_o_5pct
M3,0,0,0,0,0,0,0,0,0,0.0,0.0,Udenar,Bloque Sur - Medidor 3 - electricMeter,Udenar 3,S_3q_o_10pct
M3,11,5,150,0,0,0,0,5,0,2.8134333333333332,0.0060021711366538,Udenar,Bloque Sur - Medidor 3 - electricMeter,Udenar 3,G_final_V10_f0.2_S3q
M3,11,5,150,0,0,0,0,5,0,2.8134333333333332,0.0060021711366538,Udenar,Bloque Sur - Medidor 3 - electricMeter,Udenar 3,G_final_V10_f0.2_S5q
M3,7,3,90,0,0,0,0,3,0,1.9996666666666667,-0.00045977011494258146,Udenar,Bloque Sur - Medidor 3 - electricMeter,Udenar 3,G_solo_S3q_V10
M3,415,47,1356,14,17,5,4,43,2,269.93382745098046,-4.680999638830852,Mariana,Medidor 1 - Alvernia - electricMeter,Marian 1,V_ntc_-10+5
M3,99,6,126,5,5,4,4,2,2,6.342460784313727,3.3475392156862736,Mariana,Medidor 1 - Alvernia - electricMeter,Marian 1,V_pm10
M3,99,6,126,5,5,4,4,2,2,6.342460784313727,3.3475392156862736,Mariana,Medidor 1 - Alvernia - electricMeter,Marian 1,V_pm8
M3,99,6,126,5,5,4,4,2,2,6.342460784313727,3.3475392156862736,Mariana,Medidor 1 - Alvernia - electricMeter,Marian 1,V_pm15
M3,99,6,126,5,5,4,4,2,2,6.342460784313727,3.3475392156862736,Mariana,Medidor 1 - Alvernia - electricMeter,Marian 1,V_pm20
M3,99,6,126,5,5,4,4,2,2,6.342460784313727,3.3475392156862736,Mariana,Medidor 1 - Alvernia - electricMeter,Marian 1,V_pm50
M3,4,3,90,0,0,0,0,3,0,23.05313333333333,-0.08680574712643452,Mariana,Medidor 1 - Alvernia - electricMeter,Marian 1,f_59.8-60.2
M3,43,36,1080,0,0,0,0,36,0,263.6820666666666,0.9530322003284064,Mariana,Medidor 1 - Alvernia - electricMeter,Marian 1,f_59.9-60.1
M3,0,0,0,0,0,0,0,0,0,0.0,0.0,Mariana,Medidor 1 - Alvernia - electricMeter,Marian 1,f_59.7-60.3
M3,0,0,0,0,0,0,0,0,0,0.0,0.0,Mariana,Medidor 1 - Alvernia - electricMeter,Marian 1,f_59.5-60.5
M3,0,0,0,0,0,0,0,0,0,0.0,0.0,Mariana,Medidor 1 - Alvernia - electricMeter,Marian 1,f_59-61
M3,172,167,5008,0,0,0,2,165,0,1287.680140229885,0.48413686371101305,Mariana,Medidor 1 - Alvernia - electricMeter,Marian 1,S_1.5q
M3,31,31,930,0,0,0,0,31,0,244.48283333333336,0.07933908045977023,Mariana,Medidor 1 - Alvernia - electricMeter,Marian 1,S_2q
M3,10,10,300,0,0,0,0,10,0,68.9754,0.035082758620691434,Mariana,Medidor 1 - Alvernia - electricMeter,Marian 1,S_3q
M3,6,6,180,0,0,0,0,6,0,40.58873333333334,-0.17649195402298923,Mariana,Medidor 1 - Alvernia - electricMeter,Marian 1,S_4q
M3,5,5,150,0,0,0,0,5,0,34.14993333333334,-0.22382988505747226,Mariana,Medidor 1 - Alvernia - electricMeter,Marian 1,S_5q
M3,2,2,60,0,0,0,0,2,0,9.5393,-0.11657586206896675,Mariana,Medidor 1 - Alvernia - electricMeter,Marian 1,S_8q
M3,0,0,0,0,0,0,0,0,0,0.0,0.0,Mariana,Medidor 1 - Alvernia - electricMeter,Marian 1,S_10q
M3,31,31,930,0,0,0,0,31,0,244.48283333333336,0.07933908045977023,Mariana,Medidor 1 - Alvernia - electricMeter,Marian 1,S_2q_o_2pct
M3,21,21,630,0,0,0,0,21,0,137.21429999999998,-0.089472413793102,Mariana,Medidor 1 - Alvernia - electricMeter,Marian 1,S_2q_o_5pct
M3,10,10,300,0,0,0,0,10,0,68.9754,0.035082758620691434,Mariana,Medidor 1 - Alvernia - electricMeter,Marian 1,S_3q_o_2pct
M3,10,10,300,0,0,0,0,10,0,68.9754,0.035082758620691434,Mariana,Medidor 1 - Alvernia - electricMeter,Marian 1,S_3q_o_5pct
M3,8,8,240,0,0,0,0,8,0,51.930366666666664,0.050254022988506675,Mariana,Medidor 1 - Alvernia - electricMeter,Marian 1,S_3q_o_10pct
M3,113,19,516,5,5,4,4,15,2,98.37099411764706,3.2958162271805307,Mariana,Medidor 1 - Alvernia - electricMeter,Marian 1,G_final_V10_f0.2_S3q
M3,108,14,366,5,5,4,4,10,2,63.54552745098039,3.0369035835023674,Mariana,Medidor 1 - Alvernia - electricMeter,Marian 1,G_final_V10_f0.2_S5q
M3,109,16,426,5,5,4,4,12,2,75.31786078431372,3.3826219743069657,Mariana,Medidor 1 - Alvernia - electricMeter,Marian 1,G_solo_S3q_V10
M3,112,28,839,0,5,0,1,27,0,64.78084712643677,-0.17037436103825443,UCC,Medidor 3 - UCC - electricMeter,UCC 3,V_ntc_-10+5
M3,0,0,0,0,0,0,0,0,0,0.0,0.0,UCC,Medidor 3 - UCC - electricMeter,UCC 3,V_pm10
M3,1,1,30,0,0,0,0,1,0,5.664266666666666,-0.06764597701149455,UCC,Medidor 3 - UCC - electricMeter,UCC 3,V_pm8
M3,0,0,0,0,0,0,0,0,0,0.0,0.0,UCC,Medidor 3 - UCC - electricMeter,UCC 3,V_pm15
M3,0,0,0,0,0,0,0,0,0,0.0,0.0,UCC,Medidor 3 - UCC - electricMeter,UCC 3,V_pm20
M3,0,0,0,0,0,0,0,0,0,0.0,0.0,UCC,Medidor 3 - UCC - electricMeter,UCC 3,V_pm50
M3,4,2,59,0,0,0,1,1,0,2.6697850574712643,-0.011218744473916686,UCC,Medidor 3 - UCC - electricMeter,UCC 3,f_59.8-60.2
M3,47,40,1196,0,0,0,2,38,0,131.66216653895276,0.09189562158785947,UCC,Medidor 3 - UCC - electricMeter,UCC 3,f_59.9-60.1
M3,0,0,0,0,0,0,0,0,0,0.0,0.0,UCC,Medidor 3 - UCC - electricMeter,UCC 3,f_59.7-60.3
M3,0,0,0,0,0,0,0,0,0,0.0,0.0,UCC,Medidor 3 - UCC - electricMeter,UCC 3,f_59.5-60.5
M3,0,0,0,0,0,0,0,0,0,0.0,0.0,UCC,Medidor 3 - UCC - electricMeter,UCC 3,f_59-61
M3,0,0,0,0,0,0,0,0,0,0.0,0.0,UCC,Medidor 3 - UCC - electricMeter,UCC 3,S_1.5q
M3,0,0,0,0,0,0,0,0,0,0.0,0.0,UCC,Medidor 3 - UCC - electricMeter,UCC 3,S_2q
M3,0,0,0,0,0,0,0,0,0,0.0,0.0,UCC,Medidor 3 - UCC - electricMeter,UCC 3,S_3q
M3,0,0,0,0,0,0,0,0,0,0.0,0.0,UCC,Medidor 3 - UCC - electricMeter,UCC 3,S_4q
M3,0,0,0,0,0,0,0,0,0,0.0,0.0,UCC,Medidor 3 - UCC - electricMeter,UCC 3,S_5q
M3,0,0,0,0,0,0,0,0,0,0.0,0.0,UCC,Medidor 3 - UCC - electricMeter,UCC 3,S_8q
M3,0,0,0,0,0,0,0,0,0,0.0,0.0,UCC,Medidor 3 - UCC - electricMeter,UCC 3,S_10q
M3,0,0,0,0,0,0,0,0,0,0.0,0.0,UCC,Medidor 3 - UCC - electricMeter,UCC 3,S_2q_o_2pct
M3,0,0,0,0,0,0,0,0,0,0.0,0.0,UCC,Medidor 3 - UCC - electricMeter,UCC 3,S_2q_o_5pct
M3,0,0,0,0,0,0,0,0,0,0.0,0.0,UCC,Medidor 3 - UCC - electricMeter,UCC 3,S_3q_o_2pct
M3,0,0,0,0,0,0,0,0,0,0.0,0.0,UCC,Medidor 3 - UCC - electricMeter,UCC 3,S_3q_o_5pct
M3,0,0,0,0,0,0,0,0,0,0.0,0.0,UCC,Medidor 3 - UCC - electricMeter,UCC 3,S_3q_o_10pct
M3,4,2,59,0,0,0,1,1,0,2.6697850574712643,-0.011218744473916686,UCC,Medidor 3 - UCC - electricMeter,UCC 3,G_final_V10_f0.2_S3q
M3,4,2,59,0,0,0,1,1,0,2.6697850574712643,-0.011218744473916686,UCC,Medidor 3 - UCC - electricMeter,UCC 3,G_final_V10_f0.2_S5q
M3,0,0,0,0,0,0,0,0,0,0.0,0.0,UCC,Medidor 3 - UCC - electricMeter,UCC 3,G_solo_S3q_V10
M3,16243,1051,31467,520,693,168,19,1032,4,1923.5008325374288,-290.03710477037345,HUDN,Medidor 3 - HUDN - electricMeter,HUDN 3,V_ntc_-10+5
M3,0,0,0,0,0,0,0,0,0,0.0,0.0,HUDN,Medidor 3 - HUDN - electricMeter,HUDN 3,V_pm10
M3,0,0,0,0,0,0,0,0,0,0.0,0.0,HUDN,Medidor 3 - HUDN - electricMeter,HUDN 3,V_pm8
M3,0,0,0,0,0,0,0,0,0,0.0,0.0,HUDN,Medidor 3 - HUDN - electricMeter,HUDN 3,V_pm15
M3,0,0,0,0,0,0,0,0,0,0.0,0.0,HUDN,Medidor 3 - HUDN - electricMeter,HUDN 3,V_pm20
M3,0,0,0,0,0,0,0,0,0,0.0,0.0,HUDN,Medidor 3 - HUDN - electricMeter,HUDN 3,V_pm50
M3,5,3,90,0,0,0,0,3,0,4.927133333333334,0.0030314176245214153,HUDN,Medidor 3 - HUDN - electricMeter,HUDN 3,f_59.8-60.2
M3,68,59,1769,0,0,0,1,58,0,110.14400689655172,-0.013447832512315294,HUDN,Medidor 3 - HUDN - electricMeter,HUDN 3,f_59.9-60.1
M3,0,0,0,0,0,0,0,0,0,0.0,0.0,HUDN,Medidor 3 - HUDN - electricMeter,HUDN 3,f_59.7-60.3
M3,0,0,0,0,0,0,0,0,0,0.0,0.0,HUDN,Medidor 3 - HUDN - electricMeter,HUDN 3,f_59.5-60.5
M3,0,0,0,0,0,0,0,0,0,0.0,0.0,HUDN,Medidor 3 - HUDN - electricMeter,HUDN 3,f_59-61
M3,184,144,4280,0,2,0,8,136,1,286.82725048348846,0.06541302733698129,HUDN,Medidor 3 - HUDN - electricMeter,HUDN 3,S_1.5q
M3,155,122,3631,0,1,0,6,116,0,238.44360680532748,0.30066622738691695,HUDN,Medidor 3 - HUDN - electricMeter,HUDN 3,S_2q
M3,3,3,90,0,0,0,0,3,0,6.781733333333333,0.024887356321839693,HUDN,Medidor 3 - HUDN - electricMeter,HUDN 3,S_3q
M3,0,0,0,0,0,0,0,0,0,0.0,0.0,HUDN,Medidor 3 - HUDN - electricMeter,HUDN 3,S_4q
M3,0,0,0,0,0,0,0,0,0,0.0,0.0,HUDN,Medidor 3 - HUDN - electricMeter,HUDN 3,S_5q
M3,0,0,0,0,0,0,0,0,0,0.0,0.0,HUDN,Medidor 3 - HUDN - electricMeter,HUDN 3,S_8q
M3,0,0,0,0,0,0,0,0,0,0.0,0.0,HUDN,Medidor 3 - HUDN - electricMeter,HUDN 3,S_10q
M3,155,122,3631,0,1,0,6,116,0,238.44360680532748,0.30066622738691695,HUDN,Medidor 3 - HUDN - electricMeter,HUDN 3,S_2q_o_2pct
M3,155,122,3631,0,1,0,6,116,0,238.44360680532748,0.30066622738691695,HUDN,Medidor 3 - HUDN - electricMeter,HUDN 3,S_2q_o_5pct
M3,3,3,90,0,0,0,0,3,0,6.781733333333333,0.024887356321839693,HUDN,Medidor 3 - HUDN - electricMeter,HUDN 3,S_3q_o_2pct
M3,3,3,90,0,0,0,0,3,0,6.781733333333333,0.024887356321839693,HUDN,Medidor 3 - HUDN - electricMeter,HUDN 3,S_3q_o_5pct
M3,3,3,90,0,0,0,0,3,0,6.781733333333333,0.024887356321839693,HUDN,Medidor 3 - HUDN - electricMeter,HUDN 3,S_3q_o_10pct
M3,8,6,180,0,0,0,0,6,0,11.708866666666665,0.02791877394636111,HUDN,Medidor 3 - HUDN - electricMeter,HUDN 3,G_final_V10_f0.2_S3q
M3,5,3,90,0,0,0,0,3,0,4.927133333333334,0.0030314176245214153,HUDN,Medidor 3 - HUDN - electricMeter,HUDN 3,G_final_V10_f0.2_S5q
M3,3,3,90,0,0,0,0,3,0,6.781733333333333,0.024887356321839693,HUDN,Medidor 3 - HUDN - electricMeter,HUDN 3,G_solo_S3q_V10
M3,367,42,1243,9,15,6,3,39,0,71.02297701149425,-7.6056031117601925,Cesmag,Medidor 3 - Cesmag - electricMeter,Cesmag 3,V_ntc_-10+5
M3,15,1,15,1,1,1,1,0,0,0.195,-0.195,Cesmag,Medidor 3 - Cesmag - electricMeter,Cesmag 3,V_pm10
M3,15,1,15,1,1,1,1,0,0,0.195,-0.195,Cesmag,Medidor 3 - Cesmag - electricMeter,Cesmag 3,V_pm8
M3,15,1,15,1,1,1,1,0,0,0.195,-0.195,Cesmag,Medidor 3 - Cesmag - electricMeter,Cesmag 3,V_pm15
M3,15,1,15,1,1,1,1,0,0,0.195,-0.195,Cesmag,Medidor 3 - Cesmag - electricMeter,Cesmag 3,V_pm20
M3,14,1,15,1,1,0,1,0,0,0.195,0.0,Cesmag,Medidor 3 - Cesmag - electricMeter,Cesmag 3,V_pm50
M3,101,8,225,4,5,0,4,4,0,41.749618999519,0.8847752187853821,Cesmag,Medidor 3 - Cesmag - electricMeter,Cesmag 3,f_59.8-60.2
M3,227,52,1495,6,10,4,10,42,1,169.9914236291486,-34.43747760735433,Cesmag,Medidor 3 - Cesmag - electricMeter,Cesmag 3,f_59.9-60.1
M3,0,0,0,0,0,0,0,0,0,0.0,0.0,Cesmag,Medidor 3 - Cesmag - electricMeter,Cesmag 3,f_59.7-60.3
M3,0,0,0,0,0,0,0,0,0,0.0,0.0,Cesmag,Medidor 3 - Cesmag - electricMeter,Cesmag 3,f_59.5-60.5
M3,0,0,0,0,0,0,0,0,0,0.0,0.0,Cesmag,Medidor 3 - Cesmag - electricMeter,Cesmag 3,f_59-61
M3,47,44,1317,0,0,0,3,41,0,289.2476413793103,-0.08959950738915534,Cesmag,Medidor 3 - Cesmag - electricMeter,Cesmag 3,S_1.5q
M3,8,8,239,0,0,0,1,7,0,64.4956,-0.1362206896551701,Cesmag,Medidor 3 - Cesmag - electricMeter,Cesmag 3,S_2q
M3,0,0,0,0,0,0,0,0,0,0.0,0.0,Cesmag,Medidor 3 - Cesmag - electricMeter,Cesmag 3,S_3q
M3,0,0,0,0,0,0,0,0,0,0.0,0.0,Cesmag,Medidor 3 - Cesmag - electricMeter,Cesmag 3,S_4q
M3,0,0,0,0,0,0,0,0,0,0.0,0.0,Cesmag,Medidor 3 - Cesmag - electricMeter,Cesmag 3,S_5q
M3,0,0,0,0,0,0,0,0,0,0.0,0.0,Cesmag,Medidor 3 - Cesmag - electricMeter,Cesmag 3,S_8q
M3,0,0,0,0,0,0,0,0,0,0.0,0.0,Cesmag,Medidor 3 - Cesmag - electricMeter,Cesmag 3,S_10q
M3,8,8,239,0,0,0,1,7,0,64.4956,-0.1362206896551701,Cesmag,Medidor 3 - Cesmag - electricMeter,Cesmag 3,S_2q_o_2pct
M3,7,7,209,0,0,0,1,6,0,48.92646666666667,-0.07667356321838881,Cesmag,Medidor 3 - Cesmag - electricMeter,Cesmag 3,S_2q_o_5pct
M3,0,0,0,0,0,0,0,0,0,0.0,0.0,Cesmag,Medidor 3 - Cesmag - electricMeter,Cesmag 3,S_3q_o_2pct
M3,0,0,0,0,0,0,0,0,0,0.0,0.0,Cesmag,Medidor 3 - Cesmag - electricMeter,Cesmag 3,S_3q_o_5pct
M3,0,0,0,0,0,0,0,0,0,0.0,0.0,Cesmag,Medidor 3 - Cesmag - electricMeter,Cesmag 3,S_3q_o_10pct
M3,116,9,240,5,6,1,5,4,0,41.944618999519,0.6897752187853821,Cesmag,Medidor 3 - Cesmag - electricMeter,Cesmag 3,G_final_V10_f0.2_S3q
M3,116,9,240,5,6,1,5,4,0,41.944618999519,0.6897752187853821,Cesmag,Medidor 3 - Cesmag - electricMeter,Cesmag 3,G_final_V10_f0.2_S5q
M3,15,1,15,1,1,1,1,0,0,0.195,-0.195,Cesmag,Medidor 3 - Cesmag - electricMeter,Cesmag 3,G_solo_S3q_V10
